Código da Engenharia;Faturamento Médio;Quantidade em Estoque;Ordem de Fabricação Aberto;Comprometido;Disponível;Estoque Mínimo;Balanço;Prazo Produção;Máscara;Unidade de Medida;Peso Unitário;Peso Total;Lote!Econômico;Lote de!Produção
3;0;0;0;0;0;300;-300;;1.01.02.18;kg;1;300;0;300
4;0;160;0;0;160;200;-40;;1.01.02.12;kg;1;40;0;300
5;0;196;0;64;132;0;132;;1.22.40.08;kg;1;132;0;120
6;0;0;0;0;0;300;-300;;1.01.02.01;kg;1;300;0;300
8;0;802,5;0;72,5;730;600;130;;1.01.02.02;kg;1;130;0;300
9;0;565;0;15;550;200;350;;1.01.02.10;kg;1;350;0;300
10;0;70;0;25;45;300;-255;;1.01.02.34;kg;1;255;0;300
11;0;1.047,50;900,3;410;1.537,80;300;1.237,80;;1.01.02.09;kg;1;1,237;0;300
12;0;480;900,5;335;1.045,50;1.600,00;-554,5;;1.02.02.05;kg;1;554;0;300
13;0;1.755,00;900,5;662,5;1.993,00;1.500,00;493;;1.02.02.03;kg;1;493;0;300
16;0;1.282,50;0;242,5;1.040,00;1.000,00;40;;1.03.02.05;kg;1;40;0;300
17;0;0,16;64;0;64,16;0;64,16;;1.08.02.27;kg;1;64;0;0
18;0;9,4;0;0;9,4;0;9,4;;1.22.99.01;kg;1;9;0;8
19;0;52;0;76;-24;0;-24;;1.22.40.01;kg;1;24;0;300
20;0;144;450;34;560;200;360;;1.04.02.02;kg;1;360;0;120
21;0;616;1.200,00;442;1.374,00;1.500,00;-126;;1.04.02.04;kg;1;126;0;400
22;0;110;450;74;486;100;386;;1.04.02.05;kg;1;386;0;300
23;0;292;100;74;318;300;18;;1.04.02.07;kg;1;18;0;120
24;0;156;100;32;224;300;-76;;1.04.02.11;kg;1;76;0;120
25;0;132;600;208;524;500;24;;1.04.02.12;kg;1;24;0;300
26;0;270;300;290;280;800;-520;;1.04.02.13;kg;1;520;0;400
27;0;618;600;140;1.078,00;600;478;;1.04.02.15;kg;1;478;0;300
28;0;100;0;68;32;40;-8;;1.04.02.16;kg;1;8;0;120
29;0;420;400;106;714;240;474;;1.04.02.17;kg;1;474;0;120
30;0;10,6;0;0;10,6;0;10,6;;1.22.99.02;kg;1;10;0;8
31;0;1.428,00;2.400,00;648;3.180,00;1.200,00;1.980,00;;1.04.02.25;kg;1;1,98;0;400
32;0;508;448;360;596;500;96;;1.04.02.28;kg;1;96;0;300
33;0;446;1.300,00;220;1.526,00;450;1.076,00;;1.04.02.32;kg;1;1,076;0;400
34;0;56;0;32;24;50;-26;;1.04.02.33;kg;1;26;0;120
36;0;140;0;14;126;120;6;;1.04.02.20;kg;1;6;0;120
37;0;388;600;140;848;300;548;;1.04.02.01;kg;1;548;0;120
38;0;8;0;72;-64;0;-64;;1.22.50.02;kg;1;64;0;0
39;0;114;600;136;578;200;378;;1.04.02.03;kg;1;378;0;120
40;0;194;150;44;300;120;180;;1.04.02.08;kg;1;180;0;120
41;0;192;1.000,00;94;1.098,00;400;698;;1.04.02.09;kg;1;698;0;400
42;0;294;450;62;682;360;322;;1.04.02.18;kg;1;322;0;120
43;0;16;40;21;35;40;-5;;1.08.02.33;kg;1;5;0;10
44;0;326;1.200,00;410;1.116,00;1.000,00;116;;1.04.02.19;kg;1;116;0;400
45;0;150;0;6;144;50;94;;1.04.02.21;kg;1;94;0;120
48;0;78;300;80;298;240;58;;1.04.02.26;kg;1;58;0;120
49;0;13,4;0;0;13,4;0;13,4;;1.22.99.03;kg;1;13;0;20
50;0;412;150;158;404;360;44;;1.04.02.27;kg;1;44;0;120
51;0;0;0;0;0;0;0;;1.22.99.05;kg;1;0;0;8
52;0;670;1.202,00;282;1.590,00;800;790;;1.04.02.30;kg;1;790;0;300
55;0;232;0;16;216;80;136;;1.04.02.36;kg;1;136;0;120
56;0;136;1.600,00;586;1.150,00;900;250;;1.04.02.24;kg;1;250;0;400
57;0;35,44;94,08;0;129,52;80;49,52;;1.08.02.03;kg;1;49;0;23,52
59;0;0;0;0;0;0;0;;1.22.99.06;kg;1;0;0;8
62;0;0;0;0;0;0;0;;1.22.40.05;kg;1;0;0;120
63;0;0;0;0;0;0;0;;1.22.99.08;kg;0,001;0;0;8
65;0;2,6;0;0;2,6;0;2,6;;1.22.99.09;kg;1;2;0;20
66;0;688;0;96;592;0;592;;1.22.50.05;kg;1;592;0;0
67;0;3;0;0;3;0;3;;1.22.99.10;kg;1;3;0;20
70;0;528;0;0;528;0;528;;1.22.40.07;kg;1;528;0;300
72;0;54;0;0;54;0;54;;1.22.20.01;kg;1;54;0;304
73;0;62;305;126;241;0;241;;1.22.20.02;kg;1;241;0;304
75;0;5,64;0;0;5,64;0;5,64;;1.22.99.14;kg;1;5;0;16
76;0;16;0;0;16;0;16;;1.22.99.15;kg;1;16;0;16
79;0;340;301;0;641;0;641;;1.22.20.04;kg;1;641;0;304
80;0;11,2;0;0;11,2;0;11,2;;1.22.99.17;kg;1;11;0;16
81;0;340;904;874;370;0;370;;1.22.20.05;kg;1;370;0;304
82;0;5,44;0;0;5,44;0;5,44;;1.22.99.18;kg;1;5;0;16
85;0;100;900,3;57,5;942,8;0;942,8;;1.01.02.35;kg;1;942;0;300
86;0;857,5;4.486,80;977,5;4.366,80;0;4.366,80;;1.01.02.36;kg;1;4,366;0;300
87;0;24,2;0;3;21,2;0;21,2;;1.01.99.28;kg;1;21;0;20
88;0;282;0;34;248;0;248;;1.04.02.46;kg;1;248;0;120
89;0;315;0;50;265;0;265;;1.04.05.40;kg;1;265;0;120
90;0;6,8;0;1;5,8;0;5,8;;1.04.99.40;kg;1;5;0;10
91;0;457,5;900,3;232,5;1.125,30;600;525,3;;1.01.02.11;kg;1;525;0;300
92;0;7,8;0;0;7,8;50;-42,2;;1.16.99.01;kg;1;42;0;20
93;0;12;1.000,00;178;834;600;234;;1.04.02.37;kg;1;234;0;120
94;0;212;0;0;212;0;212;;1.22.50.03;kg;1;212;0;400
95;0;4;0;0;4;50;-46;;1.16.99.02;kg;1;46;0;20
96;0;4,4;0;0;4,4;50;-45,6;;1.16.99.03;kg;1;45;0;20
97;0;22,8;0;1,5;21,3;50;-28,7;;1.01.99.19;kg;1;28;0;30
100;0;23,8;0;0;23,8;60;-36,2;;1.01.99.20;kg;1;36;0;30
102;0;756;0;162;594;300;294;;1.01.02.07;kg;1;294;0;312
103;0;10,2;0;0;10,2;60;-49,8;;1.01.99.21;kg;1;49;0;30
104;0;10,6;0;1;9,6;50;-40,4;;1.08.99.27;kg;1;40;0;12,6
105;0;5,4;0;0;5,4;0;5,4;;1.22.99.04;kg;1;5;0;20
106;0;28,8;0;0;28,8;50;-21,2;;1.05.99.09;kg;1;21;0;50
107;0;911,4;5.446,70;1.757,70;4.600,40;0;4.600,40;;1.01.02.26;kg;1;4,6;0;302,4
108;0;0;0;0;0;0;0;;1.05.04.11;kg;1;0;0;0
110;0;0;0;0;0;0;0;;2.01.02.59;kg;1,03;0;0;0
111;0;0;0;0;0;0;0;;2.01.01.08;kg;1,03;0;0;0
112;0;0;0;0;0;0;0;;1.08.99.29;kg;1;0;0;12,6
114;0;0;0;0;0;0;0;;2.01.11.47;kg;0;0;0;0
115;0;0;0;0;0;0;0;;2.01.05.01;kg;0;0;0;0
119;0;0;0;0;0;0;0;;2.02.01.30;kg;1,03;0;0;0
121;0;2.059,20;2.732,70;708,5;4.083,40;799,5;3.283,90;;1.10.02.02;kg;1;3,283;0;1.201,20
122;0;118,3;1.251,00;150,8;1.218,50;300,3;918,2;;1.10.02.01;kg;1;918;0;124,8
123;0;1.280,50;1.895,30;625,3;2.550,50;500,5;2.050,00;;1.10.02.06;kg;1;2,05;0;124,8
124;0;2.412,00;5.996,00;4.060,00;4.348,00;0;4.348,00;;1.05.04.18;kg;1;4,348;0;0
125;0;456,3;312;1,3;767;161,2;605,8;;1.10.02.03;kg;1;605;0;124,8
126;0;126,1;312;23,4;414,7;0;414,7;;1.10.02.04;kg;1;414;0;124,8
127;0;322,4;0;42,9;279,5;169;110,5;;1.10.02.05;kg;1;110;0;124,8
128;0;21,8;0;0;21,8;0;21,8;;1.05.99.16;kg;1;21;0;50
131;0;464;0;48;416;0;416;;1.11.04.01;kg;1;416;0;0
134;0;0;0;0;0;0;0;;2.01.02.97;kg;1;0;0;0
136;0;0;0;0;0;0;0;;2.01.02.98;kg;1;0;0;0
137;0;0;0;0;0;0;0;;1.08.04.05;kg;1;0;0;300
138;0;0;0;0;0;0;0;;2.01.11.46;kg;0;0;0;0
141;0;0;0;0;0;0;0;;2.01.11.63;kg;0;0;0;0
143;0;0;0;0;0;0;0;;2.01.11.57;kg;1,03;0;0;0
144;0;10;0;0;10;0;10;;1.11.99.04;kg;1;10;0;20
146;0;0;0;0;0;0;0;;2.01.11.43;kg;0;0;0;0
147;0;0;0;0;0;0;0;;2.01.11.48;kg;0;0;0;0
150;0;0;0;0;0;0;0;;2.01.11.44;kg;0;0;0;0
151;0;0;0;0;0;0;0;;2.01.12.04;kg;1,03;0;0;0
153;0;0;0;0;0;0;0;;2.01.02.01;kg;1,03;0;0;0
155;0;0;0;0;0;0;0;;2.01.11.50;kg;1,02;0;0;0
156;0;0;0;0;0;0;0;;2.01.11.42;kg;0;0;0;0
159;0;508;0;0;508;0;508;;1.11.04.02;kg;1;508;0;600
160;0;0;0;0;0;0;0;;2.01.11.49;kg;0;0;0;0
164;0;8,6;0;0;8,6;0;8,6;;1.11.99.05;kg;1;8;0;20
165;0;0;0;0;0;0;0;;9.99.99.96;kg;0;0;0;0
167;0;0;0;0;0;0;0;;2.01.11.45;kg;0;0;0;0
169;0;456;0;0;456;0;456;;1.11.04.03;kg;1;456;0;0
170;0;0;0;0;0;0;0;;2.01.11.09;kg;1;0;0;0
171;0;11;0;0;11;0;11;;1.11.99.06;kg;1;11;0;20
172;0;0;0;0;0;0;0;;2.01.02.11;kg;1,03;0;0;0
176;0;0;0;0;0;0;0;;2.01.01.89;kg;1;0;0;0
188;0;112,5;0;0;112,5;300;-187,5;;1.03.02.02;kg;1;187;0;300
192;0;0;0;0;0;0;0;;1.02.25.09;kg;1,03;0;0;0
194;0;0;0;0;0;0;0;;2.01.10.10;kg;1,03;0;0;0
195;0;0;0;0;0;0;0;;2.01.01.07;kg;1,03;0;0;0
196;0;0;0;0;0;0;0;;2.01.12.02;kg;1,03;0;0;0
197;0;0;0;0;0;0;0;;2.02.04.55;kg;1;0;0;0
199;0;0;0;0;0;0;0;;2.02.01.99;kg;0;0;0;0
200;0;2,16;0;0;2,16;54;-51,84;;1.15.99.01;kg;1;51;0;12,96
202;0;0;0;0;0;0;0;;2.01.01.20;kg;0;0;0;0
203;0;0;0;0;0;0;0;;2.01.02.02;kg;1,03;0;0;0
204;0;0;0;0;0;0;0;;2.02.01.32;kg;1,03;0;0;0
205;0;0;0;0;0;0;0;;2.01.01.09;kg;1,03;0;0;0
207;0;0;0;0;0;0;0;;2.01.10.09;kg;0;0;0;0
209;0;0;0;0;0;0;0;;2.01.10.11;kg;0;0;0;0
211;0;0;0;0;0;0;0;;2.01.01.91;kg;1,03;0;0;0
214;0;0;0;0;0;0;0;;2.01.11.36;kg;1;0;0;0
215;0;0;0;0;0;0;0;;2.02.05.53;kg;1,03;0;0;0
216;0;0;0;0;0;0;0;;2.01.01.06;kg;1,03;0;0;0
219;0;0;0;0;0;0;0;;2.01.01.17;kg;0;0;0;0
220;0;0;0;0;0;0;0;;2.01.01.10;kg;1,03;0;0;0
226;0;308;0;0;308;0;308;;1.01.02.44;kg;1;308;0;0
238;0;0;0;0;0;0;0;;1.08.04.07;kg;1;0;0;308
239;0;0;0;0;0;0;0;;1.08.04.08;kg;1;0;0;400
240;0;0;0;0;0;0;0;;1.08.04.09;kg;1;0;0;400
241;0;0;0;0;0;0;0;;2.02.01.22;um;0;0;0;0
242;0;0;0;0;0;0;0;;2.02.01.38;um;0;0;0;0
245;0;392;0;14;378;0;378;;1.08.04.10;kg;1;378;0;400
255;0;0;0;0;0;0;0;;2.02.01.20;um;0;0;0;0
284;0;0;0;0;0;200;-200;;1.01.25.11;kg;1;200;0;500
285;0;150;1.800,60;700;1.250,60;300;950,6;;1.01.25.10;kg;1;950;0;500
292;0;300;0;200;100;200;-100;;1.01.25.02;kg;1;100;0;500
293;0;550;8.102,70;2.600,00;6.052,70;600;5.452,70;;1.01.25.09;kg;1;5,452;0;500
294;0;25;900,3;225;700,3;400;300,3;;1.01.25.07;kg;1;300;0;500
295;0;300;9.003,00;2.275,00;7.028,00;300;6.728,00;;1.01.25.08;kg;1;6,728;0;500
296;0;800;1.500,00;700;1.600,00;0;1.600,00;;1.04.25.43;kg;1;1,6;0;0
297;0;1.500,00;900,5;125;2.275,50;300;1.975,50;;1.02.25.05;kg;1;1,975;0;500
298;0;5.400,00;26.115,00;11.225,00;20.290,00;4.000,00;16.290,00;;1.02.25.02;kg;1;16,29;0;500
299;0;84;600;84;600;0;600;;1.05.12.18;kg;1;600;0;600
300;0;1.350,00;902;175;2.077,00;300;1.777,00;;1.03.25.05;kg;1;1,777;0;300
301;0;202,5;0;0;202,5;0;202,5;;1.07.03.02;kg;1;202;0;500
302;0;1.855,00;900,3;580;2.175,30;2.000,00;175,3;;1.01.02.49;kg;1;175;0;300
303;0;0;0;0;0;0;0;;1.03.25.03;kg;1;0;0;0
304;0;0;0;0;0;0;0;;1.03.25.01;kg;1;0;0;0
306;0;0;0;0;0;0;0;;1.03.25.04;kg;1;0;0;0
307;0;325;0;0;325;0;325;;1.14.25.05;kg;1;325;0;300
312;0;650;1.802,00;375;2.077,00;0;2.077,00;;1.01.25.23;kg;1;2,077;0;300
320;0;176,4;0;25,2;151,2;1.050,00;-898,8;;1.08.02.31;kg;1;898;0;302,4
321;0;250;0;0;250;200;50;;1.04.25.02;kg;1;50;0;125
322;0;3.975,00;9.000,00;3.275,00;9.700,00;1.800,00;7.900,00;;1.04.25.04;kg;1;7,9;0;1.200,00
323;0;275;300;200;375;500;-125;;1.04.25.05;kg;1;125;0;600
324;0;925;600;125;1.400,00;400;1.000,00;;1.04.25.07;kg;1;1;0;600
325;0;0;900;50;850;150;700;;1.04.25.11;kg;1;700;0;400
326;0;1.050,00;6.000,00;1.500,00;5.550,00;1.100,00;4.450,00;;1.04.25.12;kg;1;4,45;0;600
327;0;2.875,00;7.500,00;1.850,00;8.525,00;725;7.800,00;;1.04.25.13;kg;1;7,8;0;600
328;0;2.350,00;6.700,00;1.950,00;7.100,00;2.900,00;4.200,00;;1.04.25.15;kg;1;4,2;0;0
330;0;1.050,00;400;375;1.075,00;500;575;;1.04.25.17;kg;1;575;0;600
331;0;22,5;0;60;-37,5;0;-37,5;;1.01.02.40;kg;1;37;0;300
332;0;11.300,00;19.500,00;11.125,00;19.675,00;7.300,00;12.375,00;;1.04.25.25;kg;1;12,375;0;1.200,00
333;0;1.525,00;1.200,00;875;1.850,00;425;1.425,00;;1.04.25.28;kg;1;1,425;0;600
334;0;3.900,00;10.500,00;5.425,00;8.975,00;4.800,00;4.175,00;;1.04.25.32;kg;1;4,175;0;0
335;0;0;0;0;0;50;-50;;1.04.25.33;kg;1;50;0;125
336;0;0;0;0;0;0;0;;1.04.25.41;kg;1;0;0;125
337;0;875;4.500,00;825;4.550,00;800;3.750,00;;1.04.25.01;kg;1;3,75;0;600
338;0;0;0;20;-20;0;-20;;1.01.02.41;kg;1;20;0;300
339;0;1.900,00;4.500,00;1.000,00;5.400,00;600;4.800,00;;1.04.25.03;kg;1;4,8;0;600
340;0;0;0;0;0;300;-300;;1.04.25.08;kg;1;300;0;125
341;0;3.125,00;1.800,00;1.325,00;3.600,00;1.200,00;2.400,00;;1.04.25.09;kg;1;2,4;0;0
342;0;175;300;0;475;100;375;;1.04.25.18;kg;1;375;0;125
343;0;675;1.800,00;275;2.200,00;425;1.775,00;;1.04.25.19;kg;1;1,775;0;600
344;0;180;0;32;148;0;148;;1.01.02.42;kg;1;148;0;304
347;0;450;4.500,00;375;4.575,00;1.050,00;3.525,00;;1.04.25.27;kg;1;3,525;0;600
348;0;6,4;0;0;6,4;0;6,4;;1.05.99.17;kg;1;6;0;0
349;0;2.425,00;9.000,00;4.050,00;7.375,00;1.500,00;5.875,00;;1.04.25.30;kg;1;5,875;0;0
350;0;0;0;0;0;0;0;;1.04.25.42;kg;1;0;0;125
352;0;656;3.000,00;132;3.524,00;0;3.524,00;;1.05.04.19;kg;1;3,524;0;0
353;0;1.750,00;600;75;2.275,00;575;1.700,00;;1.04.25.37;kg;1;1,7;0;600
354;0;855;0;117,5;737,5;0;737,5;;1.01.02.45;kg;1;737;0;0
355;0;286;939;676;549;611;-62;;1.10.05.02;kg;1;62;0;123,5
356;0;396,5;312;130;578,5;65;513,5;;1.10.05.01;kg;1;513;0;120
357;0;0;0;0;0;201,5;-201,5;;1.10.05.04;kg;1;201;0;123,5
358;0;403;939;455;887;500,5;386,5;;1.10.05.06;kg;1;386;0;123,5
359;0;416;0;78;338;130;208;;1.10.05.05;kg;1;208;0;123,5
360;0;253,5;0;13;240,5;65;175,5;;1.10.05.03;kg;1;175;0;123,5
362;0;13;0;2,4;10,6;0;10,6;;1.08.02.25;kg;1;10;0;1
363;0;0;0;0;0;0;0;;1.04.25.47;kg;1;0;0;0
364;0;21,6;0;2,1;19,5;0;19,5;;1.01.99.31;kg;1;19;0;0
365;0;12,8;0;0;12,8;0;12,8;;1.09.99.13;KG;1;12;0;0
366;0;199,5;0;6,3;193,2;0;193,2;;1.09.02.13;kg;1;193;0;0
367;0;434;0;14;420;0;420;;1.09.12.16;kg;1;420;0;0
368;0;13,2;0;0;13,2;0;13,2;;1.08.99.30;kg;1;13;0;0
369;0;310,8;0;10,5;300,3;0;300,3;;1.08.02.34;kg;1;300;0;0
370;0;0;0;0;0;45;-45;;1.01.99.15;kg;1;45;0;20
371;0;13,6;0;0;13,6;45;-31,4;;1.01.99.32;kg;1;31;0;20
372;0;1,5;0;0;1,5;45;-43,5;;1.01.99.11;kg;1;43;0;20
373;0;11,6;0;0;11,6;49;-37,4;;1.01.99.16;kg;1;37;0;35
374;0;6,1;0;0;6,1;111;-104,9;;1.01.99.01;kg;1;104;0;20
375;0;19,6;0;0;19,6;49;-29,4;;1.01.99.17;kg;1;29;0;35
376;0;8,1;0;0;8,1;0;8,1;;1.01.99.07;kg;1;8;0;24
377;0;5,9;0;0;5,9;111;-105,1;;1.01.99.02;kg;1;105;0;20
378;0;2,4;0;0;2,4;66;-63,6;;1.01.99.10;kg;1;63;0;20
379;0;11,4;0;0;11,4;66;-54,6;;1.01.99.08;kg;1;54;0;20
380;0;6,3;0;0;6,3;66;-59,7;;1.01.99.09;kg;1;59;0;20
381;0;159,6;0;2,1;157,5;0;157,5;;1.05.02.18;kg;1;157;0;0
382;0;10,2;0;0;10,2;111;-100,8;;1.02.99.05;kg;1;100;0;20
383;0;23,4;0;1,5;21,9;111;-89,1;;1.02.99.03;kg;1;89;0;50
384;0;20,2;0;4;16,2;0;16,2;;1.05.99.18;kg;0,001;0,016;0;0
385;0;15;0;0;15;0;15;;1.03.99.05;kg;1;15;0;20
386;0;0;0;0;0;0;0;;1.03.99.03;kg;1;0;0;10
387;0;7,5;0;0;7,5;0;7,5;;1.03.99.04;kg;1;7;0;20
388;0;0;0;0;0;0;0;;1.03.99.01;kg;1;0;0;20
389;0;344;800;240;904;0;904;;1.05.04.21;kg;1;904;0;0
390;0;9,5;0;0;9,5;111;-101,5;;1.08.99.10;kg;1;101;0;20
391;0;10;0;0;10;65;-55;;1.04.99.01;kg;1;55;0;10
392;0;7,8;0;0;7,8;45;-37,2;;1.04.99.02;kg;1;37;0;10
393;0;15,8;0;0;15,8;0;15,8;;1.05.99.19;kg;1;15;0;0
394;0;8,6;0;2;6,6;65;-58,4;;1.04.99.03;kg;1;58;0;10
395;0;26;0;0;26;110;-84;;1.04.99.04;kg;1;84;0;10
396;0;7,2;0;0;7,2;90;-82,8;;1.04.99.05;kg;1;82;0;10
397;0;7;0;0;7;65;-58;;1.04.99.07;kg;1;58;0;10
398;0;10,8;0;0;10,8;65;-54,2;;1.04.99.08;kg;1;54;0;10
399;0;7,4;0;1;6,4;65;-58,6;;1.04.99.11;kg;1;58;0;10
400;0;46,4;0;2;44,4;110;-65,6;;1.04.99.12;kg;1;65;0;10
401;0;28,8;0;2;26,8;110;-83,2;;1.04.99.13;kg;1;83;0;10
402;0;9,2;0;2;7,2;110;-102,8;;1.04.99.09;kg;1;102;0;10
403;0;13,2;0;0;13,2;110;-96,8;;1.04.99.15;kg;1;96;0;10
404;0;7;0;1;6;25;-19;;1.04.99.16;kg;1;19;0;10
405;0;7,2;0;0;7,2;65;-57,8;;1.04.99.17;kg;1;57;0;10
406;0;11,2;0;1;10,2;65;-54,8;;1.04.99.18;kg;1;54;0;10
407;0;1.264,00;0;112;1.152,00;0;1.152,00;;1.09.04.01;kg;1;1,152;0;0
408;0;13,4;0;0;13,4;110;-96,6;;1.04.99.19;kg;1;96;0;10
409;0;0,4;0;0;0,4;45;-44,6;;1.04.99.21;kg;1;44;0;10
413;0;11,6;0;3;8,6;110;-101,4;;1.04.99.25;kg;1;101;0;50
414;0;7,4;0;0;7,4;45;-37,6;;1.04.99.26;kg;1;37;0;10
415;0;912;0;480;432;0;432;;1.01.02.46;kg;1;432;0;307,2
416;0;13,2;0;0;13,2;110;-96,8;;1.04.99.27;kg;1;96;0;10
417;0;7,4;0;0;7,4;90;-82,6;;1.04.99.28;kg;1;82;0;10
418;0;7,6;0;0;7,6;45;-37,4;;1.04.99.29;kg;0,001;0,037;0;10
419;0;9,2;0;0;9,2;110;-100,8;;1.04.99.30;kg;1;100;0;50
420;0;11,4;0;0;11,4;110;-98,6;;1.04.99.32;kg;1;98;0;50
421;0;7,2;0;0;7,2;25;-17,8;;1.04.99.33;kg;1;17;0;10
423;0;0;0;0;0;0;0;;1.04.99.35;kg;1;0;0;0
424;0;11;0;0;11;45;-34;;1.04.99.20;kg;1;34;0;10
425;0;0;0;0;0;0;0;;1.04.99.36;kg;1;0;0;12
426;0;10;0;0;10;45;-35;;1.04.99.37;kg;1;35;0;10
427;0;190;13.129,00;559;12.760,00;0;12.760,00;;1.19.01.04;kg;1;12,76;0;0
430;0;12,8;0;0;12,8;65;-52,2;;1.08.99.11;kg;1;52;0;12,6
431;0;1,4;0;0;1,4;25;-23,6;;1.08.99.28;kg;1;23;0;12,6
432;0;3,4;0;0;3,4;25;-21,6;;1.08.99.04;kg;1;21;0;12,6
433;0;500,5;2.418,00;76,7;2.841,80;0;2.841,80;;1.19.01.03;kg;1;2,841;0;405,6
435;0;6.548,00;4.800,00;0;11.348,00;0;11.348,00;;1.05.04.12;kg;1;11,348;0;600
436;0;10;0;1;9;45;-36;;1.08.99.20;kg;1;36;0;12,6
438;0;3.854,50;9.680,00;0;13.534,50;0;13.534,50;;1.10.02.07;kg;1;13,534;0;0
439;0;13,8;0;0;13,8;45;-31,2;;1.08.99.21;kg;1;31;0;12,6
440;0;2.100,00;4.800,00;1.190,00;5.710,00;0;5.710,00;;1.05.12.11;kg;1;5,71;0;0
441;0;0;0;0;0;0;0;;1.01.02.30;kg;1;0;0;300
442;0;0;0;0;0;0;0;;2.01.16.07;kg;1,03;0;0;0
443;0;0;0;0;0;0;0;;1.01.25.35;kg;1;0;0;0
445;0;0;0;0;0;0;0;;2.01.16.08;kg;1,03;0;0;0
446;0;944;6.000,00;1.940,00;5.004,00;0;5.004,00;;1.05.04.23;kg;1;5,004;0;0
447;0;12,2;0;0;12,2;45;-32,8;;1.08.99.02;kg;1;32;0;12,6
449;0;0;0;0;0;0;0;;2.01.16.09;kg;1,03;0;0;0
450;0;3.528,00;2.436,00;1.022,00;4.942,00;0;4.942,00;;1.19.14.01;kg;1;4,942;0;610
451;0;19,7;0;0;19,7;0;19,7;;1.08.99.31;kg;1;19;0;0
452;0;657,3;0;0;657,3;0;657,3;;1.08.02.35;kg;1;657;0;0
453;0;26,8;0;2;24,8;0;24,8;;1.04.99.41;kg;1;24;0;0
454;0;15,9;0;1;14,9;210;-195,1;;1.09.99.02;kg;1;195;0;14
455;0;10;400;14;396;0;396;;1.04.02.47;kg;1;396;0;0
458;0;11,5;0;0;11,5;0;11,5;;1.14.99.05;kg;1;11;0;20
459;0;1.475,00;900;425;1.950,00;0;1.950,00;;1.04.25.48;kg;1;1,95;0;0
460;0;0;0;0;0;0;0;;1.14.99.02;kg;1;0;0;0
461;0;0;0;0;0;0;0;;1.14.99.03;kg;1;0;0;0
462;0;0;0;0;0;0;0;;1.14.99.04;kg;1;0;0;0
465;0;12,6;0;0;12,6;0;12,6;;1.19.99.01;kg;1;12;0;14
466;0;10,8;0;0;10,8;0;10,8;;1.19.99.02;kg;1;10;0;14
467;0;0;0;0;0;0;0;;1.03.99.06;kg;1;0;0;10
468;0;15,2;0;0;15,2;0;15,2;;1.09.99.14;kg;1;15;0;0
469;0;29,8;0;0;29,8;0;29,8;;1.09.99.15;kg;1;29;0;0
470;0;14;0;0;14;0;14;;1.09.99.16;kg;1;14;0;0
471;0;19,6;0;0;19,6;25;-5,4;;1.10.99.01;kg;1;5;0;15
472;0;9,2;0;0;9,2;25;-15,8;;1.10.99.02;kg;1;15;0;15
473;0;8,6;0;0;8,6;25;-16,4;;1.10.99.03;kg;1;16;0;15
474;0;12,6;0;0;12,6;25;-12,4;;1.10.99.04;kg;1;12;0;15
475;0;9,6;0;0;9,6;25;-15,4;;1.10.99.05;kg;1;15;0;15
476;0;16;0;0;16;25;-9;;1.10.99.06;kg;1;9;0;15
477;0;1.820,00;4.536,00;0;6.356,00;0;6.356,00;;1.19.14.02;kg;1;6,356;0;610
478;0;0;0;0;0;0;0;;2.02.01.26;um;1,03;0;0;0
479;0;0;0;0;0;50;-50;;1.08.02.22;kg;1;50;0;121,6
480;0;865;0;5;860;200;660;;1.14.02.05;kg;1;660;0;300
482;0;3.360,00;4.818,00;2.730,00;5.448,00;0;5.448,00;;1.09.12.17;kg;1;5,448;0;0
483;0;0;0;0;0;0;0;;2.01.11.07;kg;1,03;0;0;0
484;0;2.050,00;900,3;1.425,00;1.525,30;0;1.525,30;;1.01.25.32;kg;1;1,525;0;0
485;0;7,8;0;2;5,8;0;5,8;;1.05.99.22;kg;1;5;0;0
486;0;96,6;0;37,8;58,8;0;58,8;;1.05.02.16;kg;1;58;0;0
487;0;48;1.800,00;484;1.364,00;0;1.364,00;;1.05.04.22;kg;1;1,364;0;0
488;0;0;0;0;0;0;0;;1.07.03.03;kg;1;0;0;0
489;0;0;0;0;0;0;0;;2.01.11.38;um;0;0;0;0
493;0;0;0;0;0;0;0;;2.02.05.76;um;0;0;0;0
497;0;750;502;25;1.227,00;0;1.227,00;;1.01.25.27;kg;1;1,227;0;500
502;0;2.168,00;4.095,30;1.908,00;4.355,30;9.600,00;-5.244,70;;1.06.02.01;kg;1;5,244;0;512
504;0;0;0;0;0;0;0;;1.11.12.12;kg;1;0;0;0
505;0;0;0;0;0;0;0;;1.11.12.11;kg;1;0;0;0
508;0;268,8;0;16,8;252;120;132;;1.08.02.20;kg;1;132;0;252
509;0;23,7;0;3;20,7;111;-90,3;;1.06.99.01;kg;1;90;0;50
513;0;0;0;0;0;50;-50;;1.01.02.13;kg;1;50;0;0
514;0;0;0;0;0;50;-50;;1.01.02.14;kg;1;50;0;0
515;0;2.625,00;20.410,50;9.960,00;13.075,50;0;13.075,50;;1.06.15.01;kg;1;13,075;0;600
516;0;675;901;200;1.376,00;0;1.376,00;;1.01.25.28;kg;1;1,376;0;300
519;0;0;0;0;0;0;0;;1.16.04.06;kg;1;0;0;0
520;0;8.800,00;6.000,00;0;14.800,00;0;14.800,00;;1.11.05.05;kg;1;14,8;0;0
521;0;3.460,00;4.800,00;0;8.260,00;0;8.260,00;;1.11.05.06;kg;1;8,26;0;600
522;0;180;1.600,00;280;1.500,00;1.200,00;300;;1.04.05.04;kg;1;300;0;300
523;0;395;600;130;865;600;265;;1.04.05.15;kg;1;265;0;300
524;0;260;150;95;315;550;-235;;1.04.05.28;kg;1;235;0;300
525;0;655;400;40;1.015,00;600;415;;1.04.05.19;kg;1;415;0;400
527;0;1.620,00;4.784,00;1.108,00;5.296,00;0;5.296,00;;1.05.04.09;kg;1;5,296;0;0
531;0;15,8;0;0;15,8;0;15,8;;1.05.99.11;kg;1,03;15,45;0;40
536;0;0;0;0;0;0;0;;2.01.06.09;kg;1;0;0;0
538;0;0;0;0;0;0;0;;1.01.25.33;kg;1;0;0;0
539;0;2.418,00;6.045,00;0;8.463,00;0;8.463,00;;1.19.01.02;kg;1;8,463;0;0
540;0;175;0;0;175;0;175;;1.08.04.13;kg;1;175;0;400
548;0;4.410,00;8.400,00;0;12.810,00;0;12.810,00;;1.05.12.16;kg;1;12,81;0;600
549;0;210;0;0;210;0;210;;1.16.04.04;kg;1;210;0;400
550;0;4.492,00;21.600,00;1.260,00;24.832,00;0;24.832,00;;1.05.12.22;kg;1;24,832;0;0
551;0;200;1.200,00;55;1.345,00;400;945;;1.04.05.30;kg;1;945;0;300
552;0;215;1.700,00;115;1.800,00;700;1.100,00;;1.04.05.32;kg;1;1,1;0;400
553;0;225;600;150;675;0;675;;1.04.25.45;kg;0,001;0,675;0;125
554;0;2.392,00;7.200,00;6.520,00;3.072,00;0;3.072,00;;1.05.03.02;kg;1;3,072;0;0
556;0;3.800,00;19.810,50;9.025,00;14.585,50;0;14.585,50;;1.01.25.26;kg;1;14,585;0;500
557;0;305;1.200,00;255;1.250,00;900;350;;1.04.05.24;kg;1;350;0;400
559;0;0;0;0;0;0;0;;2.01.02.40;kg;1,03;0;0;0
561;0;22,3;0;0;22,3;0;22,3;;1.01.99.27;kg;1;22;0;20
562;0;6.400,00;9.006,50;2.425,00;12.981,50;0;12.981,50;;1.01.25.29;kg;1;12,981;0;500
563;0;175;600;75;700;300;400;;1.04.05.01;kg;1;400;0;120
564;0;284;3.150,00;1.880,00;1.554,00;0;1.554,00;;1.05.03.03;kg;1;1,554;0;0
565;0;4.074,00;0;140;3.934,00;0;3.934,00;;1.11.04.04;kg;1;3,934;0;1.200,00
566;0;5.404,00;0;420;4.984,00;0;4.984,00;;1.11.04.05;kg;1;4,984;0;1.200,00
567;0;0;0;0;0;0;0;;2.01.02.03;kg;1,03;0;0;0
568;0;3.094,00;0;210;2.884,00;0;2.884,00;;1.11.04.06;kg;1;2,884;0;600
569;0;80;450;5;525;50;475;;1.04.05.18;kg;1;475;0;120
570;0;530;300;205;625;900;-275;;1.04.05.13;kg;1;275;0;400
571;0;0;0;0;0;0;0;;1.04.25.46;kg;1;0;0;125
572;0;0;3.600,00;1.760,00;1.840,00;0;1.840,00;;1.05.03.04;kg;1;1,84;0;0
573;0;0;0;0;0;0;0;;2.01.11.12;kg;0;0;0;0
574;0;24,5;0;0;24,5;0;24,5;;1.01.99.30;kg;1;24;0;20
575;0;967,5;0;10;957,5;0;957,5;;1.01.02.39;kg;1;957;0;300
576;0;1.192,00;3.000,00;2.160,00;2.032,00;0;2.032,00;;1.05.03.05;kg;1;2,032;0;0
577;0;1.004,00;2.996,00;1.200,00;2.800,00;0;2.800,00;;1.11.05.07;kg;1;2,8;0;0
578;0;0;5.403,50;1.950,00;3.453,50;0;3.453,50;;1.01.25.30;kg;1;3,453;0;500
580;0;564;7.200,00;2.640,00;5.124,00;0;5.124,00;;1.11.05.08;kg;1;5,124;0;0
581;0;0;6.000,00;1.304,00;4.696,00;0;4.696,00;;1.11.05.09;kg;1;4,696;0;0
582;0;740;8.392,00;5.000,00;4.132,00;0;4.132,00;;1.05.03.06;kg;1;4,132;0;0
583;0;0;2.400,00;2.400,00;0;0;0;;1.05.03.01;kg;1;0;0;0
584;0;44;300;142;202;80;122;;1.04.02.06;kg;1;122;0;120
585;0;0;0;16;-16;0;-16;;1.05.03.07;kg;1;16;0;0
586;0;2.144,00;3.026,00;2.360,00;2.810,00;0;2.810,00;;1.09.12.18;kg;1;2,81;0;0
587;0;14,34;0;0;14,34;0;14,34;;1.13.99.13;kg;1;14;0;19,2
588;0;1.252,80;0;208,8;1.044,00;0;1.044,00;;1.13.02.14;kg;1;1,044;0;307,2
589;0;806;4.543,50;1.417,00;3.932,50;1.400,00;2.532,50;;1.02.02.01;kg;1;2,532;0;312
591;0;175;0;0;175;0;175;;1.04.25.50;kg;1;175;0;125
592;0;336;1.155,00;600;891;0;891;;1.09.12.19;kg;1;891;0;0
593;0;3.976,00;12.194,00;4.900,00;11.270,00;0;11.270,00;;1.09.12.14;kg;1;11,27;0;0
594;0;7,4;0;0;7,4;65;-57,6;;1.08.99.07;kg;1;57;0;12,6
595;0;3.318,00;2.426,00;70;5.674,00;0;5.674,00;;1.09.12.15;kg;1;5,674;0;610
598;0;0;0;0;0;0;0;;1.01.25.19;kg;1,03;0;0;0
600;0;0;0;0;0;0;0;;1.08.04.14;kg;1;0;0;0
601;0;300;0;0;300;0;300;;1.01.25.34;kg;1;300;0;0
603;0;100;900,5;175;825,5;0;825,5;;1.01.25.31;kg;1;825;0;0
605;0;0;0;0;0;0;0;;1.04.25.49;kg;0;0;0;0
610;0;248,8;0;0;248,8;0;248,8;;1.23.99.03;kg;1;248;0;0
611;0;300;0;0;300;0;300;;1.23.50.01;kg;1;300;0;0
612;0;290;0;0;290;0;290;;1.23.50.02;kg;1;290;0;0
613;0;240;0;0;240;0;240;;1.23.50.03;kg;1;240;0;0
614;0;225;0;0;225;0;225;;1.23.50.04;kg;1;225;0;0
615;0;250;0;0;250;0;250;;1.23.50.05;kg;1;250;0;0
616;0;270;0;0;270;0;270;;1.23.50.06;kg;1;270;0;0
617;0;16;1.200,00;0;1.216,00;0;1.216,00;;1.23.41.01;kg;1;1,216;0;0
618;0;1.498,00;1.196,00;2.212,00;482;0;482;;1.23.41.02;kg;1;482;0;0
622;0;6.930,00;10.792,00;2.548,00;15.174,00;0;15.174,00;;1.11.12.05;kg;1;15,174;0;0
623;0;580;600;0;1.180,00;0;1.180,00;;1.23.41.04;kg;1;1,18;0;0
624;0;2.044,00;1.800,00;28;3.816,00;0;3.816,00;;1.23.41.05;kg;1;3,816;0;0
626;0;512;1.200,00;0;1.712,00;0;1.712,00;;1.23.41.17;kg;1;1,712;0;0
627;0;1.848,00;3.600,00;28;5.420,00;0;5.420,00;;1.23.41.06;kg;1;5,42;0;0
631;0;8.834,00;0;8.414,00;420;0;420;;1.23.41.07;kg;1;420;0;0
633;0;92;1.200,00;0;1.292,00;0;1.292,00;;1.23.41.08;kg;1;1,292;0;0
634;0;1.188,00;1.196,00;0;2.384,00;0;2.384,00;;1.23.41.09;kg;1;2,384;0;0
635;0;1.470,00;1.198,00;0;2.668,00;0;2.668,00;;1.23.41.10;kg;1;2,668;0;0
636;0;848;1.200,00;0;2.048,00;0;2.048,00;;1.23.41.11;kg;1;2,048;0;0
638;0;182;1.200,00;14;1.368,00;0;1.368,00;;1.23.41.12;kg;1;1,368;0;0
639;0;164;1.800,00;0;1.964,00;0;1.964,00;;1.23.41.13;kg;1;1,964;0;0
640;0;1.750,00;900;14;2.636,00;0;2.636,00;;1.23.41.14;kg;1;2,636;0;0
641;0;588;600;0;1.188,00;0;1.188,00;;1.23.41.15;kg;1;1,188;0;0
642;0;98;600;14;684;0;684;;1.23.41.16;kg;1;684;0;0
643;0;1.442,00;300;0;1.742,00;0;1.742,00;;1.23.40.07;kg;1;1,742;0;0
644;0;292;0;0;292;0;292;;1.23.40.08;kg;1;292;0;0
645;0;910;1.800,00;0;2.710,00;0;2.710,00;;1.23.40.09;kg;1;2,71;0;0
646;0;296;0;0;296;0;296;;1.23.40.10;kg;1;296;0;0
647;0;0;0;0;0;0;0;;1.04.05.38;kg;1;0;0;5
649;0;368;0;40;328;0;328;;1.11.05.13;kg;1;328;0;0
650;0;364;0;0;364;0;364;;1.08.04.15;kg;1;364;0;0
653;0;6;0;2;4;110;-106;;1.04.99.24;kg;1;106;0;12
659;0;216,3;0;4,2;212,1;240;-27,9;;1.08.02.21;kg;1;27;0;121,8
661;0;0;0;0;0;0;0;;2.02.05.52;kg;0;0;0;0
662;0;3.248,00;0;0;3.248,00;0;3.248,00;;1.23.40.01;kg;1;3,248;0;0
663;0;882;2.408,00;14;3.276,00;0;3.276,00;;1.23.40.02;kg;1;3,276;0;0
664;0;1.232,00;0;0;1.232,00;0;1.232,00;;1.23.40.03;kg;1;1,232;0;0
665;0;344;0;0;344;0;344;;1.23.40.04;kg;1;344;0;0
666;0;344;0;0;344;0;344;;1.23.40.05;kg;1;344;0;0
667;0;340;0;0;340;0;340;;1.23.40.06;kg;1;340;0;0
668;0;230;0;0;230;0;230;;1.23.99.01;kg;1;230;0;0
669;0;255,2;0;0;255,2;0;255,2;;1.23.99.02;kg;1;255;0;0
671;0;46,2;302,4;42;306,6;120;186,6;;1.08.02.11;kg;1;186;0;121,8
673;0;1.325,00;1.600,00;575;2.350,00;1.500,00;850;;1.04.05.25;kg;1;850;0;400
678;0;25;800;30;795;200;595;;1.04.05.07;kg;1;595;0;120
682;0;8,6;0;0;8,6;0;8,6;;1.08.99.25;kg;1;8;0;12,6
684;0;155;400;60;495;150;345;;1.04.05.17;kg;1;345;0;120
685;0;5;500;85;420;300;120;;1.04.05.11;kg;1;120;0;300
700;0;0;0;0;0;0;0;;1.22.99.21;UN;0,23;0;0;0
702;0;130;150;75;205;400;-195;;1.04.05.27;kg;1;195;0;120
703;0;155;150;105;200;120;80;;1.04.05.08;kg;1;80;0;120
704;0;0;0;0;0;0;0;;1.07.03.04;kg;1;0;0;0
705;0;0;0;0;0;0;0;;1.03.25.02;kg;1;0;0;0
706;0;9,5;0;0;9,5;0;9,5;;1.03.99.02;kg;1;9;0;20
707;0;120;1.000,00;60;1.060,00;400;660;;1.04.05.09;kg;1;660;0;400
709;0;205;1.000,00;70;1.135,00;200;935;;1.04.05.37;kg;1;935;0;120
710;0;130;600;155;575;700;-125;;1.04.05.12;kg;1;125;0;300
711;0;0;0;0;0;50;-50;;1.04.05.06;kg;1;50;0;120
712;0;115;0;0;115;130;-15;;1.04.05.20;kg;1;15;0;120
713;0;385;450;90;745;200;545;;1.04.05.05;kg;1;545;0;300
714;0;0;0;0;0;0;0;;2.01.01.90;kg;1,03;0;0;0
715;0;404;150;28;526;200;326;;1.04.02.14;kg;1;326;0;120
718;0;30;450;95;385;120;265;;1.04.05.02;kg;1;265;0;120
719;0;250;150;35;365;150;215;;1.04.05.29;kg;0,001;0,215;0;120
720;0;385;150;145;390;500;-110;;1.04.05.14;kg;1;110;0;120
722;0;3.250,00;1.200,00;1.725,00;2.725,00;775;1.950,00;;1.04.25.14;kg;1;1,95;0;600
723;0;16;0;1;15;110;-95;;1.04.99.14;kg;1;95;0;10
725;0;85;0;15;70;140;-70;;1.04.05.21;kg;1;70;0;120
727;0;550;600;65;1.085,00;300;785;;1.04.05.03;kg;1;785;0;120
730;0;0;0;0;0;0;0;;1.04.25.40;kg;1;0;0;0
732;0;0;0;0;0;0;0;;2.01.11.05;kg;0;0;0;0
735;0;0;0;0;0;50;-50;;1.04.05.16;kg;1;50;0;120
736;0;20;300;60;260;200;60;;1.04.05.26;kg;1;60;0;120
737;0;0;0;0;0;0;0;;2.01.12.03;kg;0;0;0;0
738;0;0;0;0;0;0;0;;2.01.11.06;kg;0;0;0;0
739;0;0;0;0;0;0;0;;1.19.14.03;kg;1;0;0;0
740;0;0;0;0;0;0;0;;2.10.10.11;kg;1,03;0;0;0
741;0;0;0;0;0;0;0;;2.01.01.94;kg;0;0;0;0
742;0;0;0;0;0;0;0;;2.01.01.93;kg;1,03;0;0;0
743;0;1.498,00;2.998,00;980;3.516,00;0;3.516,00;;1.05.12.23;kg;1;3,516;0;0
744;0;0;0;0;0;0;0;;2.01.01.18;kg;0;0;0;0
745;0;348,6;400;220,5;528,1;648;-119,9;;1.08.02.17;kg;1;119;0;400
746;0;0;812;392;420;0;420;;1.13.12.13;kg;1;420;0;0
748;0;2.576,00;8.861,60;0;11.437,60;0;11.437,60;;2.01.01.01;kg;1;11,437;0;0
749;0;0;0;0;0;0;0;;1.22.50.08;kg;1;0;0;0
750;0;944;3.600,00;0;4.544,00;0;4.544,00;;1.05.03.08;kg;1;4,544;0;0
754;0;728;0;126;602;0;602;;1.11.12.10;kg;1;602;0;0
756;0;0;0;0;0;0;0;;2.01.11.08;kg;1,05;0;0;0
759;0;0;0;0;0;0;0;;2.02.01.23;um;1,03;0;0;0
761;0;0;0;0;0;0;0;;2.01.11.16;kg;1,01;0;0;0
764;0;3.225,00;13.481,00;10.150,00;6.556,00;13.500,00;-6.944,00;;1.01.25.05;kg;1;6,944;0;500
766;0;4,6;0;0;4,6;45;-40,4;;1.04.99.06;kg;1;40;0;10
767;0;44,1;240;0;284,1;115,6;168,5;;1.08.02.26;kg;1;168;0;200
770;0;312;0;24;288;0;288;;1.05.04.26;KG;1;288;0;0
771;0;1,4;0;0;1,4;0;1,4;;1.05.99.23;KG;1;1;0;0
772;0;140,7;0;0;140,7;0;140,7;;1.05.02.19;KG;1;140;0;0
773;0;506,1;403,2;252;657,3;400;257,3;;1.08.02.07;kg;1;257;0;403,2
774;0;6,4;0;0;6,4;0;6,4;;1.22.99.19;KG;1;6;0;0
775;0;56,7;231;67,2;220,5;300;-79,5;;1.08.02.06;kg;1;79;0;231
776;0;9;0;0;9;45;-36;;1.08.99.06;kg;1;36;0;12,6
777;0;464;4.800,00;592;4.672,00;0;4.672,00;;1.13.02.17;KG;1;4,672;0;0
778;0;405,3;0;50,4;354,9;300;54,9;;1.08.02.08;kg;1;54;0;403,2
779;0;11,2;0;0;11,2;65;-53,8;;1.08.99.08;kg;1;53;0;12,6
780;0;52;0;32;20;0;20;;1.04.02.48;KG;1;20;0;0
781;0;305;0;50;255;0;255;;1.04.05.41;KG;1;255;0;0
782;0;6;0;0;6;0;6;;1.04.99.42;KG;1;6;0;0
783;0;382;150;40;492;100;392;;1.04.02.29;kg;0,001;0,392;0;120
784;0;174;0;12;162;0;162;;1.04.02.49;KG;1;162;0;0
785;0;595;0;15;580;0;580;;1.04.05.42;KG;1;580;0;0
786;0;5,8;0;0;5,8;0;5,8;;1.04.99.43;KG;1;5;0;0
788;0;7,2;0;5;2,2;25;-22,8;;1.02.99.01;kg;1;22;0;13
789;0;0;0;0;0;0;0;;1.09.12.20;KG;1;0;0;0
790;0;6,4;0;0;6,4;0;6,4;;1.09.99.17;KG;1;6;0;0
791;0;1.332,00;4.800,00;204;5.928,00;0;5.928,00;;1.11.05.10;KG;1;5,928;0;0
792;0;2.548,00;3.600,00;2.492,00;3.656,00;0;3.656,00;;1.11.12.07;KG;1;3,656;0;0
793;0;18;0;3;15;0;15;;1.11.99.07;KG;1;15;0;0
794;0;9,6;14;0;23,6;0;23,6;;1.11.99.08;KG;1;23;0;0
795;0;1.680,00;4.200,00;1.652,00;4.228,00;0;4.228,00;;1.11.12.08;KG;1;4,228;0;0
796;0;760;2.733,00;240;3.253,00;0;3.253,00;;1.11.05.11;KG;1;3,253;0;0
797;0;216,3;0;18,9;197,4;0;197,4;;1.08.02.36;KG;1;197;0;0
798;0;4.000,00;6.000,00;675;9.325,00;0;9.325,00;;1.02.25.07;kg;1;9,325;0;300
799;0;2,2;0;0;2,2;0;2,2;;1.08.99.32;KG;1;2;0;0
800;0;193,2;0;8,4;184,8;0;184,8;;1.05.02.20;KG;1;184;0;0
801;0;0;0;0;0;0;0;;1.15.02.02;kg;1;0;0;0
803;0;1.400,00;2.400,00;344;3.456,00;0;3.456,00;;1.05.04.27;KG;1;3,456;0;0
805;0;27,7;0;2;25,7;0;25,7;;1.05.99.24;KG;1;25;0;0
806;0;0;0;0;0;0;0;;1.01.25.21;kg;1;0;0;496
807;0;0;0;0;0;0;0;;1.01.25.22;kg;1;0;0;304
808;0;6;0;0;6;0;6;;1.22.99.20;KG;1;6;0;0
809;0;0;0;0;0;0;0;;1.02.25.08;kg;1;0;0;300
810;0;407,4;0;4,2;403,2;0;403,2;;1.22.20.08;KG;1;403;0;0
811;0;8.372,00;0;0;8.372,00;0;8.372,00;;1.11.12.09;kg;1;8,372;0;0
812;0;0;0;0;0;0;0;;2.01.14.02;kg;0;0;0;0
815;0;0;0;0;0;45;-45;;1.08.99.09;kg;1;45;0;12,6
816;0;1.064,00;1.200,00;70;2.194,00;0;2.194,00;;1.05.12.26;kg;1;2,194;0;0
817;0;0;48;0;48;0;48;;1.08.02.28;kg;1;48;0;0
818;0;1.692,00;1.200,00;296;2.596,00;0;2.596,00;;1.05.04.28;kg;1;2,596;0;0
819;0;3,4;0;0;3,4;0;3,4;;1.08.99.01;kg;1;3;0;12,6
820;0;5,4;0;2;3,4;0;3,4;;1.05.99.25;kg;1;3;0;0
821;0;1.716,00;2.400,00;4;4.112,00;0;4.112,00;;1.13.02.15;kg;1;4,112;0;0
822;0;21,8;0;2;19,8;0;19,8;;1.22.99.22;kg;1;19;0;0
823;0;1.392,00;2.400,00;132;3.660,00;0;3.660,00;;1.13.02.16;kg;1;3,66;0;0
824;0;655,2;378;107,1;926,1;100;826,1;;1.08.02.02;kg;1;826;0;289,8
825;0;13,2;0;3;10,2;0;10,2;;1.22.99.23;kg;1;10;0;0
826;0;2,6;0;0;2,6;45;-42,4;;1.08.99.26;kg;1;42;0;20
827;0;88;2.400,00;56;2.432,00;0;2.432,00;;1.11.05.12;kg;1;2,432;0;0
828;0;350;1.800,00;14;2.136,00;0;2.136,00;;1.11.12.13;kg;1;2,136;0;0
831;0;68,6;0;2;66,6;0;66,6;;1.11.99.09;kg;1;66;0;0
832;0;281,4;638,4;115,5;804,3;200;604,3;;1.09.02.15;kg;1;604;0;163,8
833;0;1.368,00;1.172,00;124;2.416,00;0;2.416,00;;1.05.04.29;kg;1;2,416;0;0
834;0;1.204,00;0;756;448;0;448;;1.05.12.25;kg;1;448;0;0
835;0;1,6;0;3;-1,4;0;-1,4;;1.05.99.26;kg;1;1;0;0
836;0;237,5;500;105;632,5;0;632,5;;1.01.02.48;kg;1;632;0;0
837;0;36,9;0;0;36,9;0;36,9;;1.01.99.33;kg;1;36;0;0
846;0;710;900,5;257,5;1.353,00;300;1.053,00;;1.02.02.04;kg;1;1,053;0;300
850;0;68;400;18;450;0;450;;1.04.02.50;kg;1;450;0;0
851;0;275;0;50;225;0;225;;1.04.25.51;kg;1;225;0;0
852;0;222,6;0;60,9;161,7;80;81,7;;1.08.02.04;kg;1;81;0;121,8
854;0;24,4;0;1;23,4;0;23,4;;1.04.99.44;kg;1;23;0;0
855;0;3,2;0;1,8;1,4;111;-109,6;;1.02.99.04;kg;1;109;0;20
856;0;96;400;16;480;0;480;;1.04.02.51;kg;1;480;0;0
857;0;0;400;375;25;0;25;;1.04.25.52;kg;1;25;0;0
858;0;5;1.800,60;267,5;1.538,10;1.200,00;338,1;;1.01.02.05;kg;1;338;0;300
860;0;18,3;0;0;18,3;111;-92,7;;1.01.99.05;kg;1;92;0;50
861;0;0;0;0;0;0;0;;2.02.01.24;um;0;0;0;0
862;0;24,4;0;1;23,4;0;23,4;;1.04.99.45;kg;1;23;0;0
863;0;104;400;22;482;0;482;;1.04.02.52;kg;1;482;0;0
864;0;125;400;100;425;0;425;;1.04.25.53;kg;1;425;0;0
865;0;111,6;0;2;109,6;0;109,6;;1.04.99.46;kg;1;109;0;0
866;0;78;400;30;448;0;448;;1.04.02.53;kg;1;448;0;0
867;0;100;400;50;450;0;450;;1.04.25.54;kg;1;450;0;0
868;0;1,904;0;0,16;1,744;8,8;-7,056;;1.08.99.03;kg;1;7;0;0
869;0;24,4;0;1;23,4;0;23,4;;1.04.99.47;kg;1;23;0;0
872;0;0;0;0;0;0;0;;2.01.11.03;kg;1;0;0;0
883;0;0;0;0;0;0;0;;2.01.01.13;kg;1,03;0;0;0
884;0;153,3;0;2,1;151,2;1.300,00;-1.148,80;;1.05.02.02;kg;1;1,148;0;600
885;0;436,8;0;121,8;315;700;-385;;1.08.02.19;kg;1;385;0;400
886;0;10,8;0;0;10,8;110;-99,2;;1.08.99.19;kg;1;99;0;20
887;0;22,8;0;4;18,8;110;-91,2;;1.05.99.02;kg;1;91;0;50
888;0;24;0;0;24;110;-86;;1.05.99.03;kg;1;86;0;14
891;0;25;0;0;25;110;-85;;1.11.99.01;kg;0,2;17;0;50
893;0;0;0;0;0;0;0;;2.01.13.05;kg;0;0;0;0
894;0;4;13.200,00;8.160,00;5.044,00;4.000,00;1.044,00;;1.11.05.01;kg;1;1,044;0;0
896;0;4,4;0;0;4,4;45;-40,6;;1.08.99.14;kg;1;40;0;20
900;0;9,4;0;1,4;8;45;-37;;1.08.99.13;kg;1;37;0;20
902;0;0;0;0;0;0;0;;2.02.01.33;kg;1,03;0;0;0
903;0;0;0;6,3;-6,3;0;-6,3;;1.08.02.14;kg;1;6;0;300
904;0;6.692,00;8.394,00;4.872,00;10.214,00;0;10.214,00;;1.05.12.17;kg;1;10,214;0;650
905;0;252;0;88,2;163,8;199,8;-36;;1.08.02.13;kg;1;36;0;400
906;0;29,4;400;48,3;381,1;300,6;80,5;;1.08.02.15;kg;1;80;0;300
907;0;9.350,00;18.008,70;12.875,00;14.483,70;0;14.483,70;;1.01.25.25;kg;1;14,483;0;500
909;0;12.866,00;58.796,00;50.554,00;21.108,00;15.360,00;5.748,00;;1.05.12.02;kg;1;5,748;0;0
910;0;23.828,00;75.446,00;55.272,00;44.002,00;65.004,00;-21.002,00;;1.11.12.01;kg;1;21,002;0;1.200,00
912;0;0;0;0;0;0;0;;2.02.01.37;um;1,03;0;0;0
913;0;440;450;188;702;300;402;;1.04.02.31;kg;1;402;0;300
914;0;665;450;260;855;450;405;;1.04.05.31;kg;1;405;0;300
917;0;0;0;0;0;0;0;;2.01.01.84;kg;1,03;0;0;0
920;0;6,2;0;0;6,2;45;-38,8;;1.08.99.15;kg;1;38;0;20
921;0;17,2;0;0;17,2;110;-92,8;;1.04.99.31;kg;1;92;0;50
922;0;5.950,00;7.475,00;5.425,00;8.000,00;2.500,00;5.500,00;;1.04.25.31;kg;1;5,5;0;0
925;0;0;0;0;0;0;0;;2.01.02.05;kg;0;0;0;0
927;0;1.694,00;6.000,00;2.380,00;5.314,00;1.596,00;3.718,00;;1.05.12.03;kg;1;3,718;0;400
930;0;0;0;0;0;0;0;;2.02.01.06;um;0;0;0;0
931;0;0;0;0;0;0;0;;2.02.01.36;um;0;0;0;0
942;0;14;0;0;14;45;-31;;1.08.99.16;kg;1;31;0;12,6
944;0;900,9;0;201,6;699,3;637,2;62,1;;1.08.02.16;kg;1;62;0;403,2
950;0;0;0;0;0;0;0;;2.01.01.14;kg;1,03;0;0;0
953;0;7,2;0;0;7,2;110;-102,8;;1.09.99.10;kg;1;102;0;12,6
954;0;226,8;0;48,3;178,5;200;-21,5;;1.09.02.10;kg;1;21;0;121,8
956;0;35,2;0;3;32,2;210;-177,8;;1.09.99.08;kg;1;177;0;14
959;0;6;0;2;4;210;-206;;1.09.99.07;kg;1;206;0;14
961;0;459,9;404,2;247,8;616,3;400;216,3;;1.09.02.07;kg;1;216;0;302,4
963;0;21,8;0;1;20,8;210;-189,2;;1.09.99.04;kg;1;189;0;14
965;0;0;0;0;0;0;0;;2.01.12.05;kg;1;0;0;0
966;0;1.938,30;1.835,20;218,4;3.555,10;800;2.755,10;;1.09.02.04;kg;1;2,755;0;403,2
967;0;2.074,80;8.431,80;0;10.506,60;0;10.506,60;;1.19.01.01;kg;1;10,506;0;0
968;0;5.096,00;39.488,00;16.338,00;28.246,00;19.500,00;8.746,00;;1.11.12.02;kg;1;8,746;0;600
969;0;42,8;0;0;42,8;110;-67,2;;1.11.99.02;kg;1;67;0;50
971;0;43,6;0;0;43,6;110;-66,4;;1.11.99.03;kg;0,001;0,066;0;50
972;0;2.632,00;51.204,00;22.792,00;31.044,00;17.700,00;13.344,00;;1.11.12.03;kg;0,001;0,013;0;0
975;0;1.274,00;10.914,00;6.132,00;6.056,00;8.604,00;-2.548,00;;1.05.12.05;kg;1;2,548;0;400
976;0;12,6;0;3;9,6;110;-100,4;;1.05.99.05;kg;1;100;0;40
977;0;144,9;600;199,5;545,4;400;145,4;;1.05.02.04;kg;1;145;0;428
978;0;10;0;0;10;110;-100;;1.05.99.04;kg;1;100;0;14
980;0;11,8;0;3;8,8;45;-36,2;;1.08.99.12;kg;1;36;0;12,6
983;0;573,3;0;180,6;392,7;200;192,7;;1.08.02.12;kg;1;192;0;403,2
987;0;552;0;24;528;0;528;;1.13.25.14;kg;1;528;0;0
993;0;1.364,00;2.501,50;988;2.877,50;1.600,00;1.277,50;;1.02.02.02;kg;1;1,277;0;304
994;0;16.960,00;27.171,50;28.100,00;16.031,50;4.700,00;11.331,50;;1.02.25.01;kg;1;11,331;0;300
996;0;0;0;0;0;0;0;;1.01.02.47;um;0;0;0;0
997;0;0;0;0;0;0;0;;2.01.01.92;kg;1,01;0;0;0
998;0;3.632,00;7.187,00;2.316,00;8.503,00;1.800,00;6.703,00;;1.11.05.03;kg;0,001;0,007;0;0
999;0;3.920,00;7.164,00;2.276,00;8.808,00;1.900,00;6.908,00;;1.11.05.02;kg;1;6,908;0;600
1000;0;26,7;0;6;20,7;111;-90,3;;1.02.99.02;kg;1;90;0;40
1004;0;2.800,00;3.602,00;2.475,00;3.927,00;350;3.577,00;;1.02.25.04;kg;1;3,577;0;500
1009;0;0;0;0;0;0;0;;2.02.01.35;um;1,03;0;0;0
1010;0;2.016,00;3.026,00;1.540,00;3.502,00;984;2.518,00;;1.09.12.07;kg;1;2,518;0;602
1030;0;5.152,00;16.060,00;8.008,00;13.204,00;3.100,00;10.104,00;;1.09.12.08;kg;1;10,104;0;0
1031;0;3.472,00;2.940,00;2.100,00;4.312,00;3.600,00;712;;1.04.25.24;kg;1;712;0;588
1033;0;0;0;0;0;0;0;;2.02.01.48;um;1,03;0;0;0
1034;0;0;0;0;0;0;0;;9.99.99.97;kg;1,03;0;0;0
1035;0;0;0;0;0;0;0;;2.01.11.21;kg;0;0;0;0
1036;0;0;0;0;0;0;0;;2.01.14.14;kg;0;0;0;0
1037;0;0;0;0;0;0;0;;2.01.14.15;kg;0;0;0;0
1050;0;518;10.642,00;2.100,00;9.060,00;808;8.252,00;;1.09.12.04;kg;1;8,252;0;602
1070;0;0;0;0;0;0;0;;2.01.11.70;kg;1,03;0;0;0
1092;0;252;2.400,00;672;1.980,00;0;1.980,00;;1.05.12.04;kg;1;1,98;0;428
1093;0;2.478,00;6.784,00;3.542,00;5.720,00;2.448,00;3.272,00;;1.09.12.02;kg;1;3,272;0;308
1094;0;153,3;2.727,60;3.450,30;-569,4;595;-1.164,40;;1.01.02.19;kg;1;1,164;0;302,4
1100;0;522,5;5.401,80;737,5;5.186,80;500;4.686,80;;1.01.02.03;kg;1;4,686;0;300
1101;0;3.450,00;18.931,60;11.600,00;10.781,60;4.500,00;6.281,60;;1.01.25.03;kg;1;6,281;0;500
1104;0;33,6;604,8;81,9;556,5;300;256,5;;1.09.02.01;kg;1;256;0;302,4
1106;0;56,7;0;8,4;48,3;200;-151,7;;1.08.02.24;kg;1;151;0;121,8
1108;0;12;15.588,00;3.900,00;11.700,00;400;11.300,00;;1.05.04.06;kg;1;11,3;0;0
1111;0;585;0;65;520;200;320;;1.13.05.07;kg;1;320;0;125
1112;0;140;0;5;135;200;-65;;1.13.05.02;kg;1;65;0;125
1113;0;130;0;20;110;600;-490;;1.13.05.03;kg;1;490;0;125
1114;0;255;0;40;215;200;15;;1.13.05.08;kg;1;15;0;125
1116;0;125;0;0;125;200;-75;;1.13.05.04;kg;1;75;0;125
1118;0;105;0;40;65;35;30;;1.13.05.05;kg;1;30;0;125
1120;0;905,1;909,2;657,3;1.157,00;595;562;;1.01.02.20;kg;1;562;0;302,4
1121;0;14,7;0;3;11,7;111;-99,3;;1.01.99.03;kg;1;99;0;40
1125;0;54,8;28;3;79,8;110;-30,2;;1.05.99.08;kg;1;30;0;50
1127;0;8,2;0;0;8,2;25;-16,8;;1.08.99.24;kg;1;16;0;12,6
1128;0;15.512,00;45.600,00;53.606,00;7.506,00;21.384,00;-13.878,00;;1.05.12.08;kg;1;13,878;0;0
1129;0;6.272,00;4.800,00;994;10.078,00;0;10.078,00;;1.05.12.09;kg;1;10,078;0;0
1132;0;23,6;0;0;23,6;210;-186,4;;1.09.99.01;kg;1;186;0;14
1197;0;826;2.412,00;518;2.720,00;376;2.344,00;;1.09.12.01;kg;1;2,344;0;602
1201;0;0;0;0;0;0;0;;2.01.01.12;KG;1;0;0;0
1212;0;1.694,00;2.398,00;1.428,00;2.664,00;0;2.664,00;;1.05.12.21;kg;1;2,664;0;600
1213;0;0;0;0;0;0;0;;2.02.01.29;um;0;0;0;0
1214;0;4.170,00;3.003,00;765;6.408,00;1.605,00;4.803,00;;1.10.12.06;kg;1;4,803;0;300
1215;0;930;1.204,00;1.320,00;814;300;514;;1.10.12.01;kg;1;514;0;120
1216;0;4.005,00;3.002,00;2.955,00;4.052,00;1.620,00;2.432,00;;1.10.12.02;kg;1;2,432;0;405
1220;0;0;0;0;0;0;0;;1.10.12.05;kg;1;0;0;300
1242;0;457,8;0;21;436,8;1.000,80;-564;;1.05.02.05;kg;1;564;0;400
1266;0;0;0;0;0;0;0;;2.02.01.39;um;0;0;0;0
1268;0;0;0;0;0;0;0;;2.02.01.40;um;0;0;0;0
1271;0;0;0;0;0;0;0;;2.02.01.43;um;0,032;0;0;0
1288;0;1.372,00;9.079,00;3.066,00;7.385,00;968;6.417,00;;1.09.12.05;kg;1;6,417;0;602
1290;0;1.026,00;0;720;306;500;-194;;1.01.02.06;kg;1;194;0;300
1291;0;0,6;0;0;0,6;45;-44,4;;1.01.99.06;kg;1;44;0;30
1292;0;15,9;0;2;13,9;210;-196,1;;1.09.99.05;kg;1;196;0;14
1293;0;0;0;0;0;0;0;;2.02.01.51;um;4,76;0;0;0
1294;0;0;0;0;0;0;0;;2.01.11.10;kg;1;0;0;0
1295;0;13,55;0;0;13,55;0;13,55;;1.07.99.01;kg;1;13;0;40
1297;0;3.722,50;0;112,5;3.610,00;200;3.410,00;;1.07.02.01;kg;1;3,41;0;502,5
1298;0;0;0;0;0;0;0;;1.07.02.02;kg;1;0;0;300
1299;0;0;0;0;0;0;0;;2.02.01.89;um;1,03;0;0;0
1300;0;0;0;0;0;0;0;;2.02.01.90;um;1,03;0;0;0
1301;0;0;0;0;0;0;0;;2.02.01.91;um;1,03;0;0;0
1302;0;180;0;0;180;0;180;;1.07.03.01;kg;1;180;0;300
1312;0;0;0;0;0;0;0;;2.02.05.37;um;0;0;0;0
1314;0;0;0;0;0;0;0;;2.02.05.75;um;1;0;0;0
1316;0;0;0;0;0;0;0;;2.01.01.16;um;0;0;0;0
1321;0;0;0;0;0;0;0;;2.01.06.03;kg;1;0;0;0
1323;0;560;6.000,00;756;5.804,00;200;5.604,00;;1.12.04.01;kg;1;5,604;0;0
1328;0;8.190,00;43.198,00;15.400,00;35.988,00;3.504,00;32.484,00;;1.12.12.01;kg;1;32,484;0;0
1346;0;16,8;0;0;16,8;110;-93,2;;1.12.99.01;kg;1;93;0;50
1375;0;0;0;0;0;0;0;;2.02.01.31;um;0;0;0;0
1388;0;0;0;0;0;0;0;;2.01.11.11;kg;1,03;0;0;0
1389;0;6;0;1,2;4,8;111;-106,2;;1.13.99.12;kg;1;106;0;20
1390;0;180,6;0;39,9;140,7;120;20,7;;1.09.02.06;kg;1;20;0;121,8
1391;0;21;0;0;21;45;-24;;1.09.99.06;kg;1;24;0;12,6
1393;0;0;0;0;0;24;-24;;1.09.12.06;kg;1;24;0;0
1394;0;1.982,50;1.804,00;520;3.266,50;800;2.466,50;;1.13.02.01;kg;1;2,466;0;300
1395;0;45,75;0;3;42,75;210;-167,25;;1.13.99.01;kg;1;167;0;20
1396;0;3.350,00;21.589,00;3.950,00;20.989,00;900;20.089,00;;1.13.25.01;kg;1;20,089;0;500
1397;0;194;300;58;436;600;-164;;1.04.02.10;kg;1;164;0;120
1398;0;155;600;100;655;500;155;;1.04.05.10;kg;1;155;0;120
1399;0;1.275,00;600;450;1.425,00;1.200,00;225;;1.04.25.10;kg;1;225;0;600
1400;0;7,4;0;0;7,4;110;-102,6;;1.04.99.10;kg;1;102;0;10
1406;0;0;0;0;0;0;0;;2.02.01.03;um;1,03;0;0;0
1407;0;0;0;0;0;0;0;;2.02.01.05;um;1,03;0;0;0
1409;0;20;600,3;32,5;587,8;100;487,8;;1.13.02.12;kg;1;487;0;300
1418;0;0;0;0;0;45;-45;;1.05.99.06;kg;1;45;0;20
1437;0;0;0;0;0;0;0;;2.01.01.98;kg;1.030,00;0;0;0
1444;0;0;0;0;0;0;0;;2.02.01.28;um;0,09;0;0;0
1445;0;0;0;0;0;0;0;;2.02.01.46;um;0,033;0;0;0
1448;0;0;0;0;0;0;0;;9.99.99.99;kg;1,03;0;0;0
1449;0;128,1;800;113,4;814,7;36;778,7;;1.08.02.18;kg;1;778;0;300
1450;0;0;0;0;0;601,2;-601,2;;1.05.02.07;kg;1;601;0;100
1452;0;14;0;182;-168;600;-768;;1.05.12.07;kg;1;768;0;600
1453;0;0;0;25,2;-25,2;601,2;-626,4;;1.05.02.01;kg;1;626;0;400
1455;0;266;800;378;688;996;-308;;1.05.12.01;kg;1;308;0;400
1456;0;308,7;0;48,3;260,4;700;-439,6;;1.09.02.09;kg;1;439;0;302,4
1457;0;868;0;42;826;908;-82;;1.09.12.09;kg;1;82;0;602
1458;0;901;2.369,30;399;2.871,30;600;2.271,30;;1.09.02.03;kg;1;2,271;0;384
1459;0;1.736,00;5.384,00;2.380,00;4.740,00;664;4.076,00;;1.09.12.03;kg;1;4,076;0;384
1460;0;855;901;582,5;1.173,50;300;873,5;;1.02.02.06;kg;1;873;0;300
1461;0;8.350,00;8.115,00;5.225,00;11.240,00;1.200,00;10.040,00;;1.02.25.06;kg;1;10,04;0;500
1462;0;102,9;0;50,4;52,5;200;-147,5;;1.13.02.09;kg;1;147;0;121,8
1464;0;346,5;302,4;77,7;571,2;200;371,2;;1.13.02.11;kg;1;371;0;302,4
1466;0;308,7;0;94,5;214,2;120;94,2;;1.13.02.10;kg;1;94;0;302,4
1468;0;0;0;0;0;0;0;;9.99.99.90;kg;1,03;0;0;0
1469;0;325,5;302,4;105;522,9;100;422,9;;1.09.02.05;kg;1;422;0;302,4
1473;0;140;0;0;140;100;40;;1.05.04.04;kg;1;40;0;600
1474;0;364;8.994,00;2.856,00;6.502,00;600;5.902,00;;1.05.04.03;kg;1;5,902;0;400
1475;0;5.000,00;80.368,00;41.820,00;43.548,00;25.000,00;18.548,00;;1.05.04.01;kg;1;18,548;0;0
1476;0;796;5.600,00;1.452,00;4.944,00;200;4.744,00;;1.05.04.02;kg;1;4,744;0;400
1478;0;764;4.800,00;756;4.808,00;400;4.408,00;;1.08.04.02;kg;1;4,408;0;400
1480;0;456;450;516;390;2.000,00;-1.610,00;;1.16.04.01;kg;1;1,61;0;400
1481;0;188;0;56;132;2.000,00;-1.868,00;;1.16.04.02;kg;1;1,868;0;400
1482;0;196;0;4;192;2.000,00;-1.808,00;;1.16.04.03;kg;1;1,808;0;400
1483;0;0;0;0;0;1.000,00;-1.000,00;;1.01.02.21;kg;1;1;0;0
1484;0;22,5;1.802,00;830;994,5;1.000,00;-5,5;;1.01.02.22;kg;1;5;0;300
1485;0;350;901;205;1.046,00;1.000,00;46;;1.01.02.23;kg;1;46;0;300
1491;0;8.628,00;4.800,00;2.424,00;11.004,00;2.000,00;9.004,00;;1.05.04.08;kg;1;9,004;0;650
1500;0;382;0;6;376;0;376;;1.04.02.45;kg;1;376;0;120
1501;0;50;300;5;345;0;345;;1.04.05.39;kg;1;345;0;120
1502;0;100;0;25;75;0;75;;1.04.25.44;kg;1;75;0;125
1503;0;11,6;0;1;10,6;0;10,6;;1.04.99.39;kg;1;10;0;10
1504;0;0;0;0;0;0;0;;1.05.02.11;kg;1;0;0;200
1505;0;0;0;0;0;0;0;;1.05.12.19;kg;1;0;0;200
1507;0;7,4;0;0;7,4;0;7,4;;1.05.99.13;kg;0,001;0,007;0;20
1508;0;49,4;0;2,1;47,3;0;47,3;;1.09.02.12;kg;1;47;0;302,4
1509;0;0;1.545,00;210;1.335,00;0;1.335,00;;1.09.12.13;kg;1;1,335;0;308
1510;0;13,6;0;2;11,6;0;11,6;;1.09.99.12;kg;1;11;0;14
1511;0;5.792,00;3.600,00;4;9.388,00;0;9.388,00;;1.11.05.04;kg;1;9,388;0;600
1512;0;4.018,00;4.800,00;1.120,00;7.698,00;0;7.698,00;;1.11.12.04;kg;1;7,698;0;600
1513;0;5,3;0;0;5,3;0;5,3;;1.05.99.14;kg;1;5;0;20
1514;0;2,8;0;0;2,8;0;2,8;;1.01.02.31;kg;1;2;0;313,6
1515;0;3,15;0;0;3,15;0;3,15;;1.01.99.25;kg;1;3;0;22,4
1516;0;276;1.808,80;691,2;1.393,60;0;1.393,60;;1.01.02.32;kg;1;1,393;0;307,2
1517;0;15;0;0;15;0;15;;1.01.99.26;kg;1;15;0;19,2
1518;0;82;600;36;646;0;646;;1.21.02.08;kg;1;646;0;120
1519;0;375;300;0;675;0;675;;1.21.25.04;kg;1;675;0;125
1520;0;9,8;0;0;9,8;0;9,8;;1.21.99.08;kg;1;9;0;12
1521;0;0;0;0;0;0;0;;1.05.02.12;kg;1;0;0;200
1522;0;496;600;96;1.000,00;0;1.000,00;;1.05.04.16;kg;1;1;0;200
1523;0;28;0;56;-28;0;-28;;1.05.12.20;kg;1;28;0;200
1524;0;4,8;0;0;4,8;0;4,8;;1.05.99.15;kg;1;4;0;20
1714;0;581,7;2.102,70;564,9;2.119,50;1.200,00;919,5;;1.09.02.02;kg;1;919;0;302,4
1715;0;22,6;0;1;21,6;210;-188,4;;1.09.99.09;kg;1;188;0;14
1721;0;73,5;0;14,7;58,8;601,2;-542,4;;1.05.02.03;kg;1;542;0;400
1722;0;197,4;0;25,2;172,2;1.800,00;-1.627,80;;1.05.02.08;kg;1;1,627;0;600
1724;0;16,4;0;0;16,4;210;-193,6;;1.09.99.03;kg;1;193;0;14
1725;0;1.713,60;1.230,50;737,1;2.207,00;900;1.307,00;;1.09.02.08;kg;1;1,307;0;403,2
1726;0;7,4;0;0;7,4;110;-102,6;;1.13.99.09;kg;1;102;0;12,6
1727;0;4,5;0;0;4,5;110;-105,5;;1.05.99.01;kg;1;105;0;14
1728;0;5,6;0;1;4,6;110;-105,4;;1.05.99.07;kg;1;105;0;20
1729;0;8,2;0;1;7,2;110;-102,8;;1.13.99.10;kg;1;102;0;12,6
1730;0;6,8;0;2;4,8;110;-105,2;;1.13.99.11;kg;1;105;0;12,6
1732;0;50,7;0;3;47,7;111;-63,3;;1.02.99.06;kg;1;63;0;20
1733;0;0;0;0;0;0;0;;2.02.01.49;um;1,03;0;0;0
1734;0;0;0;0;0;0;0;;2.02.01.50;um;0;0;0;0
1735;0;2,8;0;2;0,8;25;-24,2;;1.08.99.18;kg;1;24;0;20
1736;0;0,5;0;4,55;-4,05;0;-4,05;;1.13.02.02;kg;1;4;0;2,6
1737;0;40,85;0;31,85;9;26;-17;;1.13.02.03;kg;1;17;0;2,6
1738;0;27,95;0;1,95;26;0;26;;1.13.02.04;kg;1;26;0;2,6
1739;0;39,2;0;25,35;13,85;26;-12,15;;1.13.02.05;kg;1;12;0;2,6
1741;0;22,1;0;28,6;-6,5;26;-32,5;;1.13.02.07;kg;1;32;0;2,6
1742;0;6,5;0;5,2;1,3;0;1,3;;1.13.02.08;kg;1;1;0;2,6
1743;0;6,5;0;0;6,5;25;-18,5;;1.13.99.02;kg;1;18;0;1
1744;0;5,3;0;0;5,3;25;-19,7;;1.13.99.03;kg;1;19;0;1
1745;0;5,7;0;0,7;5;25;-20;;1.13.99.04;kg;1;20;0;1
1746;0;3,8;0;0,7;3,1;25;-21,9;;1.13.99.05;kg;1;21;0;1
1747;0;4,5;0;0,6;3,9;25;-21,1;;1.13.99.06;kg;1;21;0;1
1749;0;6,2;0;0,7;5,5;25;-19,5;;1.13.99.07;kg;1;19;0;1
1750;0;5,6;0;0;5,6;25;-19,4;;1.13.99.08;kg;1;19;0;1
1751;0;1,3;0;0;1,3;26;-24,7;;1.13.02.06;kg;1;24;0;2,6
1752;0;0;0;0;0;0;0;;1.13.25.12;kg;1;0;0;0
1758;0;0;0;0;0;0;0;;2.01.02.45;kg;1,03;0;0;0
1759;0;0;0;0;0;0;0;;2.01.14.11;kg;0;0;0;0
1760;0;0;0;0;0;0;0;;2.02.01.57;um;0;0;0;0
1761;0;0;0;0;0;0;0;;2.02.01.58;um;1,05;0;0;0
1771;0;0;0;0;0;0;0;;2.01.16.10;kg;1;0;0;0
1772;0;0;0;0;0;0;0;;2.01.14.12;kg;1,03;0;0;0
1773;0;0;0;0;0;0;0;;2.02.01.62;um;0;0;0;0
1775;0;0;0;0;0;0;0;;2.02.02.24;um;0;0;0;0
1776;0;0;0;0;0;0;0;;2.01.11.31;um;0;0;0;0
1777;0;0;0;0;0;0;0;;2.01.11.32;um;0;0;0;0
1778;0;0;0;0;0;0;0;;2.01.11.33;um;0;0;0;0
1782;0;0;0;0;0;0;0;;2.02.02.25;um;0;0;0;0
1783;0;0;0;0;0;0;0;;2.01.11.41;um;0;0;0;0
1784;0;0;0;0;0;0;0;;2.01.11.19;um;0;0;0;0
1785;0;0;0;0;0;0;0;;2.01.11.17;um;0;0;0;0
1788;0;0;0;0;0;0;0;;2.01.11.20;um;0;0;0;0
1792;0;0;0;0;0;0;0;;2.01.11.24;um;0;0;0;0
1793;0;0;0;0;0;0;0;;2.01.11.26;um;0;0;0;0
1795;0;0;0;0;0;0;0;;2.01.11.25;um;0;0;0;0
1796;0;0;0;0;0;0;0;;2.01.11.22;um;0;0;0;0
1799;0;0;0;0;0;0;0;;2.01.11.18;um;0;0;0;0
1800;0;0;0;0;0;0;0;;2.01.11.62;um;1;0;0;0
1801;0;0;0;0;0;0;0;;2.01.12.07;um;1;0;0;0
1803;0;0;0;0;0;0;0;;2.02.01.63;um;0;0;0;0
1804;0;0;0;0;0;0;0;;2.02.01.64;um;0;0;0;0
1806;0;0;0;0;0;0;0;;2.02.01.66;um;0;0;0;0
1808;0;0;0;0;0;0;0;;9.99.99.94;um;0,001;0;0;0
1809;0;0;0;0;0;0;0;;9.99.99.93;um;0,001;0;0;0
1816;0;0;0;0;0;0;0;;9.99.99.92;um;0,001;0;0;0
1818;0;0;0;0;0;0;0;;9.99.99.91;um;0,001;0;0;0
1827;0;0;0;0;0;0;0;;2.01.11.60;um;0;0;0;0
1840;0;0;0;0;0;0;0;;2.01.11.51;um;1,001;0;0;0
1844;0;0;0;0;0;0;0;;2.01.11.52;um;1,001;0;0;0
1853;0;0;0;0;0;0;0;;2.01.11.53;um;1,001;0;0;0
1866;0;0;0;0;0;0;0;;2.02.03.12;um;0;0;0;0
1872;0;0;0;0;0;0;0;;2.01.11.54;um;1,001;0;0;0
1876;0;0;0;0;0;0;0;;2.01.11.55;um;1,001;0;0;0
1886;0;0;0;0;0;0;0;;2.01.11.56;um;1,001;0;0;0
1890;0;0;0;0;0;0;0;;2.01.11.15;um;0;0;0;0
1898;0;0;0;0;0;0;0;;2.01.14.13;kg;0;0;0;0
1908;0;0;0;0;0;0;0;;2.02.07.08;um;0;0;0;0
1934;0;0;0;0;0;0;0;;2.02.04.20;um;0;0;0;0
1979;0;0;0;0;0;0;0;;2.02.04.25;um;0;0;0;0
1980;0;0;0;0;0;0;0;;2.02.01.67;um;0;0;0;0
1982;0;0;0;0;0;0;0;;2.01.11.23;um;0;0;0;0
1985;0;0;0;0;0;0;0;;2.02.01.70;um;0;0;0;0
1986;0;0;0;0;0;0;0;;2.01.01.21;um;1;0;0;0
1992;0;0;0;0;0;0;0;;2.01.11.14;um;0,003;0;0;0
1994;0;2,8;0;0;2,8;0;2,8;;2.01.16.11;kg;1,03;2,06;0;9
1995;0;12,8;0;0;12,8;0;12,8;;1.17.99.03;kg;1;12;0;9
1996;0;0;0;0;0;0;0;;1.17.99.04;kg;1;0;0;0
1997;0;5,8;0;0;5,8;0;5,8;;1.17.99.05;kg;1;5;0;9
2003;0;0;0;0;0;0;0;;2.01.16.01;kg;1,03;0;0;0
2004;0;0;0;0;0;0;0;;2.01.16.02;kg;1,03;0;0;0
2009;0;0;0;0;0;0;0;;2.02.01.34;um;1,03;0;0;0
2010;0;0;0;0;0;0;0;;2.01.02.14;um;0;0;0;0
2011;0;1.292,76;908,2;1.077,30;1.123,66;583,2;540,46;;1.15.02.01;kg;1;540;0;311,04
2012;0;1.716,00;1.800,00;264;3.252,00;0;3.252,00;;1.05.04.10;kg;1;3,252;0;600
2013;0;25,3;0;2,1;23,2;0;23,2;;1.01.99.23;kg;1;23;0;30
2014;0;9,4;0;0;9,4;0;9,4;;1.05.99.10;KG;1;9;0;40
2015;0;605;6.303,50;2.847,50;4.061,00;0;4.061,00;;1.01.02.25;kg;1;4,061;0;300
2016;0;0;0;0;0;0;0;;2.02.04.38;um;0;0;0;0
2018;0;0;0;0;0;0;0;;2.01.11.39;um;0;0;0;0
2021;0;0;0;0;0;0;0;;2.01.11.40;um;0;0;0;0
2032;0;0;0;0;0;0;0;;2.01.12.06;um;1;0;0;0
2036;0;0;0;0;0;0;0;;2.01.01.11;um;1,03;0;0;0
2038;0;682,5;4.836,00;282,1;5.236,40;0;5.236,40;;1.19.01.06;kg;1;5,236;0;0
2039;0;0;0;0;0;0;0;;2.01.11.34;um;0;0;0;0
2040;0;0;0;0;0;0;0;;2.01.11.29;um;0;0;0;0
2041;0;0;0;0;0;0;0;;2.01.11.27;um;0;0;0;0
2042;0;0;0;0;0;0;0;;2.01.11.28;um;0;0;0;0
2043;0;0;0;0;0;0;0;;2.01.11.30;um;0;0;0;0
2044;0;0;0;0;0;0;0;;2.01.11.35;um;0;0;0;0
2045;0;0;0;0;0;0;0;;2.02.01.71;um;0;0;0;0
2046;0;0;0;0;0;0;0;;2.02.01.72;um;1,05;0;0;0
2049;0;0;0;0;0;0;0;;2.01.11.13;um;1;0;0;0
2050;0;0;0;0;0;0;0;;2.02.01.73;um;0;0;0;0
2051;0;0;0;0;0;0;0;;2.02.01.74;um;0;0;0;0
2053;0;0;0;0;0;0;0;;2.01.14.17;kg;0;0;0;0
2054;0;0;0;0;0;0;0;;2.01.01.99;kg;1,03;0;0;0
2055;0;0;0;0;0;0;0;;2.01.14.19;kg;1,03;0;0;0
2056;0;0;0;0;0;0;0;;2.01.11.66;kg;1,03;0;0;0
2057;0;0;0;0;0;0;0;;2.01.11.64;kg;0;0;0;0
2058;0;0;0;0;0;0;0;;2.01.02.06;kg;1,03;0;0;0
2063;0;0;0;0;0;0;0;;2.02.04.67;um;0;0;0;0
2065;0;0;0;0;0;0;0;;2.02.01.78;um;1,03;0;0;0
2066;0;0;0;0;0;0;0;;2.02.01.79;um;1,03;0;0;0
2067;0;0;0;0;0;0;0;;2.02.01.80;KG;1,03;0;0;0
2069;0;0;0;0;0;0;0;;2.02.04.69;um;0;0;0;0
2070;0;0;0;0;0;0;0;;2.02.04.70;um;0;0;0;0
2071;0;0;0;0;0;0;0;;2.02.04.71;um;0;0;0;0
2072;0;0;0;0;0;0;0;;2.02.04.72;um;0;0;0;0
2073;0;0;0;0;0;0;0;;2.02.04.73;um;0;0;0;0
2074;0;0;0;0;0;0;0;;2.02.04.74;um;0;0;0;0
2075;0;0;0;0;0;0;0;;2.02.04.75;um;0;0;0;0
2076;0;0;0;0;0;0;0;;2.02.04.76;um;0;0;0;0
2077;0;0;0;0;0;0;0;;2.02.04.77;um;0;0;0;0
2078;0;0;0;0;0;0;0;;2.02.04.78;um;0;0;0;0
2079;0;0;0;0;0;0;0;;2.02.04.79;um;0;0;0;0
2080;0;0;0;0;0;0;0;;2.02.04.80;um;0;0;0;0
2081;0;0;0;0;0;0;0;;2.01.02.51;kg;0;0;0;0
2082;0;0;0;0;0;0;0;;2.02.04.82;um;0;0;0;0
2083;0;0;0;0;0;0;0;;2.01.02.52;kg;0;0;0;0
2084;0;0;0;0;0;0;0;;2.02.04.84;um;0;0;0;0
2085;0;0;0;0;0;0;0;;2.02.04.85;um;0;0;0;0
2086;0;0;0;0;0;0;0;;2.02.04.86;um;0;0;0;0
2087;0;0;0;0;0;0;0;;2.02.04.87;um;0;0;0;0
2088;0;0;0;0;0;0;0;;2.02.04.88;um;0;0;0;0
2089;0;0;0;0;0;0;0;;2.02.04.89;um;0;0;0;0
2090;0;0;0;0;0;0;0;;2.02.04.90;um;0;0;0;0
2091;0;0;0;0;0;0;0;;2.02.04.91;um;0;0;0;0
2092;0;0;0;0;0;0;0;;2.02.04.92;um;0;0;0;0
2093;0;0;0;0;0;0;0;;2.02.04.93;um;0;0;0;0
2094;0;0;0;0;0;0;0;;2.02.04.94;um;0;0;0;0
2095;0;0;0;0;0;0;0;;2.02.04.95;um;0;0;0;0
2096;0;0;0;0;0;0;0;;2.02.04.96;um;0;0;0;0
2097;0;0;0;0;0;0;0;;2.02.04.97;um;0;0;0;0
2098;0;0;0;0;0;0;0;;2.02.04.98;um;0;0;0;0
2099;0;0;0;0;0;0;0;;2.02.04.99;um;0;0;0;0
2101;0;0;0;0;0;0;0;;2.02.04.83;um;0;0;0;0
2102;0;0;0;0;0;0;0;;2.01.02.53;kg;0;0;0;0
2103;0;0;0;0;0;0;0;;2.01.14.20;kg;0;0;0;0
2104;0;0;0;0;0;0;0;;2.01.09.13;kg;0;0;0;0
2105;0;0;0;0;0;0;0;;2.01.09.14;kg;0;0;0;0
2106;0;0;0;0;0;0;0;;2.01.11.98;kg;1;0;0;0
2108;0;0;0;0;0;0;0;;2.02.05.01;um;0;0;0;0
2109;0;0;0;0;0;0;0;;2.02.05.02;um;0;0;0;0
2110;0;0;0;0;0;0;0;;2.02.05.03;um;0;0;0;0
2111;0;0;0;0;0;0;0;;2.02.05.04;um;0;0;0;0
2113;0;0;0;0;0;0;0;;2.02.05.06;um;0;0;0;0
2114;0;0;0;0;0;0;0;;2.02.05.07;um;0;0;0;0
2115;0;0;0;0;0;0;0;;2.02.05.08;um;0;0;0;0
2117;0;0;0;0;0;0;0;;2.02.05.10;um;0;0;0;0
2118;0;0;0;0;0;0;0;;2.02.05.11;um;0;0;0;0
2120;0;0;0;0;0;0;0;;2.02.05.13;um;0;0;0;0
2121;0;0;0;0;0;0;0;;2.02.05.14;um;0;0;0;0
2122;0;0;0;0;0;0;0;;2.02.05.15;um;0;0;0;0
2123;0;0;0;0;0;0;0;;2.02.05.16;um;0;0;0;0
2124;0;0;0;0;0;0;0;;2.02.05.17;um;0;0;0;0
2125;0;0;0;0;0;0;0;;2.02.05.18;um;0;0;0;0
2127;0;0;0;0;0;0;0;;2.01.11.97;kg;1;0;0;0
2128;0;0;0;0;0;0;0;;2.02.01.83;um;1,03;0;0;0
2129;0;0;0;0;0;0;0;;2.02.01.84;um;1,03;0;0;0
2130;0;0;0;0;0;0;0;;2.02.01.85;um;1,03;0;0;0
2131;0;0;0;0;0;0;0;;2.02.01.86;um;1,03;0;0;0
2132;0;0;0;0;0;0;0;;2.02.01.87;um;1,03;0;0;0
2133;0;0;0;0;0;0;0;;2.02.01.88;um;1,03;0;0;0
2135;0;0;0;0;0;0;0;;2.01.14.22;kg;0;0;0;0
2136;0;303;2.068,00;72;2.299,00;0;2.299,00;;1.17.01.01;kg;1;2,299;0;400
2137;0;914;800;99;1.615,00;0;1.615,00;;1.17.01.02;kg;1;1,615;0;400
2139;0;409;833;108;1.134,00;0;1.134,00;;1.17.01.04;kg;1;1,134;0;400
2141;0;9,6;0;0;9,6;0;9,6;;1.17.99.06;kg;1;9;0;9
2144;0;311;390;42;659;0;659;;1.17.01.07;kg;1;659;0;400
2146;0;0;10;0;10;0;10;;1.17.99.07;kg;1;10;0;9
2149;0;0;0;0;0;0;0;;1.20.99.05;kg;1;0;0;0
2158;0;1.229,17;4.800,00;1.407,94;4.621,23;0;4.621,23;;1.18.01.02;kg;1;4,621;0;0
2159;0;784;3.600,00;496;3.888,00;0;3.888,00;;1.18.04.02;kg;1;3,888;0;0
2160;0;13,2;0;0;13,2;0;13,2;;1.18.99.02;kg;1;13;0;40
2161;0;776,69;5.400,00;1.062,52;5.114,17;0;5.114,17;;1.18.01.01;kg;1;5,114;0;600
2162;0;120;4.168,00;400;3.888,00;0;3.888,00;;1.18.04.01;kg;1;3,888;0;600
2163;0;10,4;0;5;5,4;0;5,4;;1.18.99.01;kg;1;5;0;40
2167;0;1.004,00;4.200,00;0;5.204,00;0;5.204,00;;1.18.04.04;kg;1;5,204;0;650
2168;0;2.319,97;2.400,00;573,68;4.146,29;0;4.146,29;;1.18.01.04;kg;1;4,146;0;650
2169;0;7,07;6.000,00;899,91;5.107,16;0;5.107,16;;1.18.01.05;kg;1;5,107;0;800
2170;0;2.016,00;2.400,00;104;4.312,00;0;4.312,00;;1.18.04.05;kg;1;4,312;0;400
2172;0;26,4;0;7,8;18,6;0;18,6;;1.18.99.04;kg;1;18;0;20
2173;0;6,6;0;5;1,6;0;1,6;;1.18.99.05;kg;1;1;0;50
2174;0;0;0;0;0;0;0;;2.02.01.92;um;0;0;0;0
2175;0;0;0;0;0;0;0;;2.01.02.56;kg;0;0;0;0
2179;0;602,5;1.801,50;102,5;2.301,50;0;2.301,50;;1.01.02.28;kg;1;2,301;0;300
2180;0;72;300;96;276;0;276;;1.21.02.07;kg;1;276;0;300
2186;0;0;0;0;0;0;0;;2.01.09.17;kg;0;0;0;0
2187;0;0;0;0;0;0;0;;2.01.09.18;kg;0;0;0;0
2189;0;14,6;0;1,2;13,4;0;13,4;;1.01.99.24;kg;1;13;0;30
2190;0;554,4;0;119,7;434,7;0;434,7;;1.21.21.01;kg;1;434;0;100
2191;0;6,4;0;0;6,4;0;6,4;;1.21.99.01;kg;1;6;0;20
2192;0;149,1;0;0;149,1;0;149,1;;1.09.02.11;kg;1;149;0;302,4
2193;0;9,2;0;0;9,2;0;9,2;;1.09.99.11;kg;1;9;0;14
2195;0;0;0;0;0;0;0;;1.22.99.12;kg;1;0;0;8
2196;0;8;0;0;8;0;8;;1.21.99.03;kg;1;8;0;12
2202;0;0;0;0;0;0;0;;2.01.02.57;kg;0;0;0;0
2203;0;0;0;0;0;0;0;;2.01.16.04;kg;1,03;0;0;0
2220;0;0;0;0;0;0;0;;2.01.11.61;um;1,03;0;0;0
2221;0;0;0;0;0;0;0;;2.01.06.04;kg;1;0;0;0
2224;0;0;0;0;0;0;0;;2.01.11.65;kg;0;0;0;0
2225;0;0;0;0;0;0;0;;2.01.06.05;kg;1;0;0;0
2226;0;0;0;0;0;0;0;;2.02.05.35;um;1,03;0;0;0
2227;0;0;0;0;0;0;0;;2.02.05.36;um;1,03;0;0;0
2228;0;0;0;0;0;0;0;;2.02.01.96;um;0;0;0;0
2230;0;0;0;0;0;0;0;;2.02.01.98;um;1,03;0;0;0
2231;0;0;0;0;0;0;0;;2.02.05.99;um;1,03;0;0;0
2233;0;0;0;0;0;0;0;;2.01.01.95;kg;1,03;0;0;0
2234;0;0;0;0;0;0;0;;2.02.05.38;um;1,03;0;0;0
2235;0;0;0;0;0;0;0;;2.02.05.39;um;1,03;0;0;0
2236;0;0;0;0;0;0;0;;2.02.05.40;um;1,03;0;0;0
2237;0;0;0;0;0;0;0;;2.02.05.41;um;1,03;0;0;0
2238;0;0;0;0;0;0;0;;2.02.05.42;um;1,03;0;0;0
2239;0;0;0;0;0;0;0;;2.02.05.43;um;1,03;0;0;0
2240;0;0;0;0;0;0;0;;2.01.01.96;kg;1,03;0;0;0
2241;0;0;0;0;0;0;0;;2.01.01.15;um;1,03;0;0;0
2242;0;0;0;0;0;0;0;;2.02.05.45;um;1,03;0;0;0
2243;0;0;0;0;0;0;0;;2.02.05.46;um;1,03;0;0;0
2244;0;0;0;0;0;0;0;;2.02.05.47;um;1,03;0;0;0
2245;0;0;0;0;0;0;0;;2.02.05.48;um;1,03;0;0;0
2246;0;0;0;0;0;0;0;;2.02.05.49;um;1,03;0;0;0
2247;0;0;0;0;0;0;0;;2.02.05.50;um;1,03;0;0;0
2248;0;0;0;0;0;0;0;;2.02.05.51;um;1,03;0;0;0
2249;0;0;0;0;0;0;0;;2.01.12.01;kg;0;0;0;0
2250;0;0;0;0;0;0;0;;2.01.02.62;kg;1,03;0;0;0
2251;0;0;0;0;0;0;0;;2.01.02.63;kg;1,03;0;0;0
2252;0;0;0;0;0;0;0;;2.01.02.64;kg;1,03;0;0;0
2253;0;0;0;0;0;0;0;;2.01.02.65;kg;1,03;0;0;0
2254;0;0;0;0;0;0;0;;2.01.02.66;kg;1,03;0;0;0
2255;0;0;0;0;0;0;0;;2.01.02.67;kg;1,03;0;0;0
2256;0;0;0;0;0;0;0;;2.01.02.68;kg;1,03;0;0;0
2257;0;0;0;0;0;0;0;;2.01.02.69;kg;1,03;0;0;0
2258;0;0;0;0;0;0;0;;2.01.02.70;kg;1,03;0;0;0
2259;0;0;0;0;0;0;0;;2.01.02.71;kg;1,03;0;0;0
2260;0;0;0;0;0;0;0;;2.01.02.72;kg;1,03;0;0;0
2261;0;0;0;0;0;0;0;;2.01.09.20;kg;0;0;0;0
2262;0;0;0;0;0;0;0;;2.01.09.21;kg;0;0;0;0
2263;0;0;0;0;0;0;0;;2.02.05.54;UN;0;0;0;0
2264;0;0;0;0;0;0;0;;2.02.05.55;UN;0;0;0;0
2265;0;0;0;0;0;0;0;;2.02.05.56;UN;0;0;0;0
2266;0;0;0;0;0;0;0;;2.02.05.57;UN;0;0;0;0
2267;0;0;0;0;0;0;0;;2.02.05.58;UN;0;0;0;0
2268;0;0;0;0;0;0;0;;2.02.05.59;UN;0;0;0;0
2269;0;0;0;0;0;0;0;;2.02.05.60;UN;0;0;0;0
2270;0;0;0;0;0;0;0;;2.02.05.61;UN;0;0;0;0
2271;0;0;0;0;0;0;0;;2.02.05.62;UN;0;0;0;0
2272;0;0;0;0;0;0;0;;2.02.05.63;UN;0;0;0;0
2273;0;0;0;0;0;0;0;;2.02.05.64;UN;0;0;0;0
2274;0;0;0;0;0;0;0;;2.02.05.65;UN;0;0;0;0
2275;0;0;0;0;0;0;0;;2.02.05.66;UN;0;0;0;0
2276;0;0;0;0;0;0;0;;2.02.05.67;UN;0;0;0;0
2277;0;0;0;0;0;0;0;;2.02.05.68;UN;0;0;0;0
2278;0;0;0;0;0;0;0;;2.02.05.69;UN;0;0;0;0
2279;0;0;0;0;0;0;0;;2.02.05.70;UN;0;0;0;0
2280;0;0;0;0;0;0;0;;2.02.05.71;UN;0;0;0;0
2281;0;0;0;0;0;0;0;;2.02.05.72;UN;0;0;0;0
2282;0;0;0;0;0;0;0;;2.02.05.73;UN;0;0;0;0
2283;0;0;0;0;0;0;0;;2.01.01.88;kg;1,03;0;0;0
2294;0;0;0;0;0;0;0;;2.01.11.96;kg;1;0;0;0
2299;0;0;0;0;0;0;0;;2.01.02.73;kg;0;0;0;0
2301;0;0;0;0;0;0;0;;2.01.07.04;kg;1,03;0;0;0
2304;0;0;0;0;0;0;0;;2.01.07.05;kg;1,03;0;0;0
2305;0;0;0;0;0;0;0;;2.01.14.23;kg;0;0;0;0
2307;0;0;0;0;0;0;0;;2.02.01.04;UN;0;0;0;0
2308;0;0;0;0;0;0;0;;2.02.05.74;UN;0;0;0;0
2314;0;0;0;0;0;0;0;;2.01.14.24;kg;1,03;0;0;0
2315;0;0;0;0;0;0;0;;2.02.05.77;um;0;0;0;0
2316;0;0;0;0;0;0;0;;1.05.04.24;um;1,04;0;0;0
2317;0;0;0;0;0;0;0;;2.02.05.78;um;0;0;0;0
2318;0;0;0;0;0;0;0;;2.02.05.79;um;0;0;0;0
2319;0;0;0;0;0;0;0;;2.02.05.80;um;0;0;0;0
2320;0;0;0;0;0;0;0;;2.01.01.97;kg;1.030,00;0;0;0
2325;0;0;0;0;0;0;0;;2.01.07.06;kg;1,03;0;0;0
2326;0;0;0;0;0;0;0;;2.01.07.07;kg;1,03;0;0;0
2328;0;0;0;0;0;0;0;;2.02.07.01;UN;0;0;0;0
2329;0;0;0;0;0;0;0;;2.02.05.81;UN;0;0;0;0
2330;0;0;0;0;0;0;0;;2.02.07.02;UN;0;0;0;0
2331;0;0;0;0;0;0;0;;2.02.07.03;UN;0;0;0;0
2332;0;0;0;0;0;0;0;;2.02.07.04;UN;0;0;0;0
2333;0;0;0;0;0;0;0;;2.02.07.05;UN;0;0;0;0
2334;0;0;0;0;0;0;0;;2.02.07.06;UN;0;0;0;0
2335;0;0;0;0;0;0;0;;2.02.07.07;UN;0;0;0;0
2336;0;0;0;0;0;0;0;;2.01.09.22;kg;0;0;0;0
2337;0;0;0;0;0;0;0;;2.02.07.09;UN;0;0;0;0
2338;0;0;0;0;0;0;0;;2.02.07.10;UN;0;0;0;0
2340;0;0;0;0;0;0;0;;2.02.07.11;kg;1,03;0;0;0
2342;0;0;0;0;0;0;0;;2.02.07.12;UN;0;0;0;0
2345;0;0;0;0;0;0;0;;2.02.07.45;UN;0;0;0;0
2346;0;0;0;0;0;0;0;;2.02.07.41;UN;0;0;0;0
2347;0;0;0;0;0;0;0;;2.02.07.42;UN;0;0;0;0
2348;0;0;0;0;0;0;0;;2.02.07.43;UN;0;0;0;0
2349;0;0;0;0;0;0;0;;2.02.07.44;UN;0;0;0;0
2350;0;0;0;0;0;0;0;;2.02.07.46;UN;0;0;0;0
2353;0;0;0;0;0;0;0;;2.02.06.08;UN;0;0;0;0
2354;0;0;0;0;0;0;0;;2.02.07.13;UN;0;0;0;0
2355;0;0;0;0;0;0;0;;2.02.07.14;UN;0;0;0;0
2356;0;0;0;0;0;0;0;;2.02.07.15;UN;0;0;0;0
2357;0;0;0;0;0;0;0;;2.02.07.16;UN;0;0;0;0
2358;0;0;0;0;0;0;0;;2.02.07.17;UN;0;0;0;0
2359;0;0;0;0;0;0;0;;2.02.07.18;UN;0;0;0;0
2360;0;0;0;0;0;0;0;;2.02.07.19;UN;0;0;0;0
2361;0;0;0;0;0;0;0;;2.02.07.20;UN;0;0;0;0
2362;0;0;0;0;0;0;0;;2.02.07.21;UN;0;0;0;0
2363;0;0;0;0;0;0;0;;2.02.07.22;UN;0;0;0;0
2364;0;0;0;0;0;0;0;;2.02.07.23;UN;0;0;0;0
2365;0;0;0;0;0;0;0;;2.02.07.24;UN;0;0;0;0
2366;0;0;0;0;0;0;0;;2.02.07.25;UN;0;0;0;0
2367;0;0;0;0;0;0;0;;2.02.07.26;UN;0;0;0;0
2368;0;0;0;0;0;0;0;;2.02.07.27;UN;0;0;0;0
2369;0;0;0;0;0;0;0;;2.02.07.28;UN;0;0;0;0
2370;0;0;0;0;0;0;0;;2.02.07.29;UN;0;0;0;0
2371;0;0;0;0;0;0;0;;2.02.07.30;UN;0;0;0;0
2372;0;0;0;0;0;0;0;;2.02.07.31;UN;0;0;0;0
2373;0;0;0;0;0;0;0;;2.02.07.32;UN;0;0;0;0
2374;0;0;0;0;0;0;0;;2.02.07.33;UN;0;0;0;0
2375;0;0;0;0;0;0;0;;2.02.07.34;UN;0;0;0;0
2376;0;0;0;0;0;0;0;;2.02.07.35;UN;0;0;0;0
2377;0;0;0;0;0;0;0;;2.02.07.36;UN;0;0;0;0
2378;0;0;0;0;0;0;0;;2.02.07.37;UN;0;0;0;0
2379;0;0;0;0;0;0;0;;2.02.07.38;UN;0;0;0;0
2380;0;0;0;0;0;0;0;;2.02.07.39;UN;0;0;0;0
2381;0;0;0;0;0;0;0;;2.02.07.40;UN;0;0;0;0
2383;0;0;0;0;0;0;0;;2.01.10.16;kg;0;0;0;0
3000;0;0;0;0;0;0;0;;1.08.04.11;kg;1;0;0;0
3001;0;0;1.200,00;400;800;0;800;;1.21.25.01;kg;1;800;0;300
3003;0;0;300;0;300;0;300;;1.21.14.01;kg;1;300;0;300
3004;0;126;927;0;1.053,00;0;1.053,00;;1.09.12.11;kg;1;1,053;0;308
3010;0;2.128,00;7.196,00;1.848,00;7.476,00;0;7.476,00;;1.05.12.13;kg;1;7,476;0;600
3011;0;9,6;0;0;9,6;0;9,6;;1.05.99.12;kg;1;9;0;40
3012;0;3.104,00;0;244;2.860,00;0;2.860,00;;1.05.04.14;kg;1;2,86;0;600
3013;0;0;0;0;0;0;0;;1.05.12.14;kg;1;0;0;0
3014;0;112;420;280;252;0;252;;1.05.12.15;kg;1;252;0;400
6000;0;0;0;0;0;0;0;;1.01.02.43;UN;13.737,00;0;0;0
